reshaped_column,origin,total_characters,uppercase_characters,lowercase_characters,special_characters,numbers,blanks,number_of_words,average_length_of_words,number_of_propositions,average_length_of_propositions,punctuation_characters,lowercase_words,uppercase_words,vocabulary_richness,number_of_urls,flesch_kincaid_grade_level,flesch_reading_ease,dale_chall_readability,automated_readability_index,coleman_liau_index,gunning_fog,smog_index,linsear_write_index
"A researcher in computational biology is using backpropagation to train a machine learning algorithm to predict the likelihood of different genetic mutations leading to cancer. By analyzing large sets of genomic data, the algorithm is trained to identify the underlying genetic factors that contribute to cancer development.",Original,324,2,273,3,0,46,47,5.914893617021277,2,23.5,3,45,1,36,0,18.4,5.32,12.53,18.2,16.95,20.46,0.0,19.75
"A computational biologist is utilizing backpropagation to train a machine learning model to predict the likelihood of various genetic mutations resulting in cancer. By analyzing vast amounts of genomic data, the model is being trained to identify the underlying genetic factors that contribute to cancer growth.",Paraphrased,311,2,261,3,0,45,46,5.782608695652174,2,23.0,3,44,1,36,0,17.0,14.29,13.02,17.3,16.19,21.37,0.0,19.0
" A computational biologist is using backpropagation to train a machine learning algorithm to predict the likelihood of different genetic mutations leading to cancer. By analyzing large sets of genomic data, the algorithm is trained to identify the underlying genetic factors that contribute to cancer development.",LLM,313,2,263,3,0,45,45,5.955555555555556,2,22.5,3,43,1,34,0,18.0,6.34,12.47,17.9,17.18,20.56,0.0,19.25
"As a computational biologist, I want to use bayesian neural networks to model complex biological systems and predict their behavior under different conditions, so that I can gain a deeper understanding of the underlying mechanisms that govern cellular processes.",Original,262,3,218,3,0,38,39,5.743589743589744,1,39.0,3,36,2,35,0,23.2,-1.96,12.86,25.1,16.2,25.86,0.0,30.5
"As a computational biologist, I want to leverage Bayesian neural networks to model complex biological systems and predict their behavior under varying conditions, so I can gain a deeper understanding of the underlying mechanisms that govern cellular processes.",Paraphrased,260,4,216,3,0,37,38,5.868421052631579,1,38.0,3,34,2,35,0,22.8,-0.94,13.83,25.2,16.89,25.73,0.0,29.0
" As a computational biologist, I want to use Bayesian neural networks to model complex biological systems and predict their behavior under different conditions, so that I can gain a deeper understanding of the underlying mechanisms that govern cellular processes.",LLM,263,4,217,3,0,39,39,5.743589743589744,1,39.0,3,35,2,35,0,23.2,-1.96,12.86,25.1,16.2,25.86,0.0,30.5
"As a microbiologist, I want to use constrained clustering to identify different strains of bacteria based on their genetic profiles, while also accounting for specific environmental factors that may impact their growth and behavior.",Original,232,2,194,3,0,33,34,5.852941176470588,1,34.0,3,32,1,32,0,20.1,11.59,12.75,23.1,16.72,24.19,0.0,27.0
"As a microbiologist, I aim to leverage constrained clustering techniques to group different bacterial strains based on their genetic makeup, while simultaneously considering the influence of various environmental factors that may affect their growth and behavior. This enables me to better understand the complex interactions between microorganisms and their surroundings, leading to more accurate predictions and informed decision-making.",Paraphrased,439,3,373,6,0,57,58,6.586206896551724,2,29.0,6,55,1,50,0,20.5,-0.27,12.97,24.1,20.9,22.63,0.0,23.5
" As a microbiologist, I want to use constrained clustering to identify different strains of bacteria based on their genetic profiles, while also accounting for specific environmental factors that may impact their growth and behavior.",LLM,233,2,194,3,0,34,34,5.852941176470588,1,34.0,3,32,1,32,0,20.1,11.59,12.75,23.1,16.72,24.19,0.0,27.0
"As a biologist, I want to use data mining to analyze large datasets of gene expression data, so that I can identify patterns and relationships between genes and biological processes.",Original,182,3,147,3,0,29,30,5.1,1,30.0,3,27,2,27,0,17.4,24.11,11.97,17.6,12.31,21.33,0.0,22.0
"As a biologist, I want to utilize data mining techniques on vast amounts of gene expression data to uncover hidden patterns and connections between genes and biological functions, so that I can gain novel insights into the underlying mechanisms of life.",Paraphrased,253,3,207,3,0,40,41,5.195121951219512,1,41.0,3,38,2,36,0,20.5,21.4,12.99,23.6,13.3,23.23,0.0,27.5
" As a biologist, I want to use data mining techniques to analyze large datasets of gene expression data, so that I can identify patterns and relationships between genes and biological processes.",LLM,194,3,157,3,0,31,31,5.258064516129032,1,31.0,3,28,2,28,0,17.7,23.09,12.31,18.8,13.24,21.43,0.0,22.5
"As a bioinformatics researcher, I want to develop a dialogue system that can communicate with biologists in natural language and provide automated support for tasks such as gene expression analysis, drug discovery, and protein structure prediction.",Original,248,2,207,4,0,35,36,5.916666666666667,1,36.0,4,34,1,33,0,20.9,9.56,14.19,24.5,17.01,26.62,0.0,29.0
"As a bioinformatics researcher, I aim to create a conversational AI system that can converse with biologists in everyday language and offer automated assistance for tasks such as gene expression analysis, drug discovery, and protein structure prediction.",Paraphrased,254,4,210,4,0,36,37,5.891891891891892,1,37.0,4,34,2,34,0,21.3,8.54,13.58,24.8,16.84,24.53,0.0,28.5
" As a bioinformatics researcher, I want to develop a conversational AI system that can communicate with biologists in natural language and provide automated support for tasks such as gene expression analysis, drug discovery, and protein structure prediction.",LLM,258,4,213,4,0,37,37,5.972972972972973,1,37.0,4,34,2,34,0,21.3,8.54,14.43,25.2,17.3,26.69,0.0,29.5
"As a bioinformatics specialist, I want to use discourse relation analysis to understand the flow of information in scientific articles and identify the most relevant information for specific biological questions.",Original,212,2,179,2,0,29,30,6.1,1,30.0,2,28,1,27,0,20.9,-1.28,11.97,22.3,18.29,26.67,0.0,28.0
"As a bioinformatics specialist, I aim to utilize Discourse Relation Analysis to comprehend the flow of information within scientific articles and identify the most critical knowledge for addressing specific biological queries.",Paraphrased,226,5,189,2,0,30,31,6.32258064516129,1,31.0,2,26,1,29,0,21.3,-2.3,14.34,23.8,19.62,29.17,0.0,28.5
" As a bioinformatics specialist, I want to use discourse relation analysis to comprehend the flow of information in scientific articles and identify the most relevant information for specific biological questions.",LLM,213,2,179,2,0,30,30,6.1,1,30.0,2,28,1,27,0,20.9,-1.28,12.49,22.3,18.29,28.0,0.0,28.0
"As a medical imaging specialist, I want to use elastic matching to register magnetic resonance imaging (MRI) scans of the brain and spinal cord, to improve the accuracy of diagnosis and treatment of neurological disorders such as multiple sclerosis.",Original,249,5,201,5,0,38,39,5.410256410256411,1,39.0,5,36,2,31,0,20.9,14.97,12.86,23.6,13.94,26.88,0.0,30.5
"As a medical imaging specialist, I need an automated tool to register MRI scans of the brain and spinal cord, enhancing the accuracy of diagnosis and treatment of neurological disorders like multiple sclerosis. Elastic matching can help align the images perfectly, ensuring that any subtle changes are identified and addressed.",Paraphrased,327,6,267,5,0,49,50,5.56,2,25.0,5,46,2,44,0,15.4,29.18,13.09,17.3,14.68,21.2,0.0,19.5
" As a medical imaging specialist, I want to leverage elastic matching to align magnetic resonance imaging (MRI) scans of the brain and spinal cord, improving the accuracy of diagnosis and treatment of neurological disorders such as multiple sclerosis.",LLM,251,5,203,5,0,38,38,5.605263157894737,1,38.0,5,35,2,31,0,20.5,15.99,13.83,24.0,15.04,26.78,0.0,30.0
"As a bioinformatics researcher, I want to use embedding approaches to represent biological molecules and genomic data as continuous vectors, so that I can apply machine learning techniques to analyze and classify these data.",Original,224,3,185,3,0,33,34,5.617647058823529,1,34.0,3,31,2,29,0,20.1,11.59,12.75,22.0,15.39,25.36,0.0,27.0
"As a bioinformatics researcher, I desire to utilize embedding methods to represent biological molecules and genomic data as continuous vectors, enabling me to employ machine learning algorithms for analyzing and categorizing these data.",Paraphrased,236,2,199,3,0,32,33,6.181818181818182,1,33.0,3,31,1,29,0,23.2,-12.79,13.89,24.2,18.63,25.32,0.0,26.5
" As a bioinformatics researcher, I want to leverage embedding techniques to represent biological molecules and genomic data as continuous vectors, enabling me to apply machine learning algorithms to analyze and classify these data.",LLM,231,2,193,3,0,33,33,6.0,1,33.0,3,31,1,28,0,20.9,4.14,13.89,23.3,17.59,25.32,0.0,26.5
"As a biologist, I want to use entity linking to automatically connect information from different sources, such as gene databases and scientific publications, so that I can better understand the relationships between different biological concepts.",Original,246,3,205,4,0,34,35,6.057142857142857,1,35.0,4,32,2,31,0,22.8,-6.36,11.24,24.6,17.76,23.14,0.0,28.5
"As a biologist, I want to leverage entity linking to automate the process of connecting data from various sources, including gene databases and scientific publications, so that I can gain a deeper understanding of the relationships between different biological concepts.",Paraphrased,270,3,224,4,0,39,40,5.775,1,40.0,4,37,2,35,0,23.6,-2.97,13.52,25.8,16.26,27.0,0.0,32.0
" As a biologist, I want to leverage entity linking to automatically connect information from diverse sources, such as gene databases and scientific publications, so that I can better comprehend the relationships between different biological concepts.",LLM,250,3,208,4,0,35,35,6.142857142857143,1,35.0,4,32,2,32,0,22.8,-6.36,12.59,25.0,18.29,24.29,0.0,27.5
"As an evolutionary biologist, I want to use evolutionary learning algorithms to simulate the process of natural selection and understand how genetic variation and environmental factors contribute to the evolution of different species.",Original,234,2,198,2,0,32,33,6.121212121212121,1,33.0,2,31,1,27,0,22.1,-4.33,12.45,23.9,18.46,26.53,0.0,30.5
"As an evolutionary biologist, I aim to leverage evolutionary learning algorithms to mimic the dynamics of natural selection in a virtual environment. By analyzing the interplay between genetic variation and environmental factors, I hope to gain insights into how these factors shape the evolution of distinct species.",Paraphrased,317,4,263,4,0,46,47,5.76595744680851,2,23.5,4,43,2,40,0,17.2,13.78,11.86,17.5,15.96,21.31,0.0,19.25
" As a computational biologist, I want to use evolutionary learning algorithms to simulate the process of natural selection and comprehend how genetic variation and environmental factors contribute to the evolution of diverse species.. Based on the following metrics: diff_total_characters: 83, diff_uppercase_characters: 2, diff_lowercase_characters: -65, diff_special_characters: -2, diff_numbers: 0, diff_blanks:",LLM,414,3,328,27,7,49,49,7.448979591836735,2,24.5,27,41,1,43,0,19.9,-4.16,14.52,25.9,24.2,24.49,0.0,21.75
