,Domain,Machine Learning Task,User Story,Paraphrased User Story,original_total_characters,llm_total_characters,diff_total_characters,original_uppercase_characters,llm_uppercase_characters,diff_uppercase_characters,original_lowercase_characters,llm_lowercase_characters,diff_lowercase_characters,original_special_characters,llm_special_characters,diff_special_characters,original_numbers,llm_numbers,diff_numbers,original_blanks,llm_blanks,diff_blanks,original_number_of_words,llm_number_of_words,diff_number_of_words,original_average_length_of_words,llm_average_length_of_words,diff_average_length_of_words,original_number_of_propositions,llm_number_of_propositions,diff_number_of_propositions,original_average_length_of_propositions,llm_average_length_of_propositions,diff_average_length_of_propositions,original_punctuation_characters,llm_punctuation_characters,diff_punctuation_characters,original_lowercase_words,llm_lowercase_words,diff_lowercase_words,original_uppercase_words,llm_uppercase_words,diff_uppercase_words,original_vocabulary_richness,llm_vocabulary_richness,diff_vocabulary_richness,original_number_of_urls,llm_number_of_urls,diff_number_of_urls
0,Biology,abstractive summarization,"A group of researchers is using abstractive summarization to identify key trends and insights in large sets of biological data, enabling more efficient analysis and interpretation.","Researchers are leveraging abstractive summarization techniques to quickly identify crucial patterns and insights within vast amounts of biological data. This enables them to streamline their analysis and interpretation processes, ultimately leading to more accurate and efficient scientific discoveries.",180,304,-124,1,2,-1,152,262,-110,2,3,-1,0,0,0,25,37,-12,26,38,-12,5.961538461538462,7.026315789473684,-1.0647773279352224,1,2,-1,26.0,19.0,7.0,2,3,-1,25,36,-11,1,0,1,24,34,-10,0,0,0
1,Biology,action model learning,"As a molecular biologist, I want to use action model learning to predict the structure of complex biomolecules and design new drugs with higher specificity and efficacy, to develop new treatments for diseases like cancer and Alzheimer's.","As a molecular biologist, I desire to leverage action model learning to predict the intricate structures of biomolecules and create novel drugs with enhanced specificity and efficacy. By doing so, I aim to develop innovative treatments for diseases such as cancer and Alzheimer's, ultimately improving the quality of life for patients worldwide.",237,345,-108,3,5,-2,194,283,-89,4,6,-2,0,0,0,36,51,-15,37,52,-15,5.4324324324324325,5.653846153846154,-0.22141372141372173,1,2,-1,37.0,26.0,11.0,4,6,-2,34,47,-13,1,2,-1,32,44,-12,0,0,0
2,Biology,activation function,"As a bioinformatics researcher, I want to use active learning settings to optimize the selection of training data for machine learning models that predict protein-protein interactions, to better understand biological pathways and facilitate drug discovery.","As a bioinformatics researcher, I aim to leverage active learning techniques to strategically select the most informative training data for machine learning models that predict protein-protein interactions. This will allow me to gain a deeper understanding of biological pathways and facilitate the discovery of new drugs. By efficiently selecting the most relevant data points, I can reduce the overall cost and time required for training these models, while also improving their accuracy and reliability. Ultimately, this will enable me to make more accurate predictions about protein-protein interactions and help advance our understanding of complex biological systems.",256,673,-417,2,6,-4,216,562,-346,4,10,-6,0,0,0,34,95,-61,35,96,-61,6.3428571428571425,6.020833333333333,0.3220238095238095,1,4,-3,35.0,24.0,11.0,4,10,-6,33,90,-57,1,2,-1,32,73,-41,0,0,0
3,Biology,active learning setting,"As a genomics researcher, I want to use the AdaBoost algorithm to identify genetic variants that are associated with complex diseases like diabetes and heart disease, to improve our understanding of the genetic basis of these diseases and develop personalized treatments.","As a genomics researcher, I want to leverage the power of AdaBoost to uncover genetic variations that are linked to intricate diseases such as diabetes and heart disease. By doing so, we can gain a deeper understanding of the genetic factors contributing to these conditions and ultimately develop tailored treatments for individuals.",271,334,-63,4,5,-1,224,274,-50,3,4,-1,0,0,0,40,51,-11,41,52,-11,5.634146341463414,5.4423076923076925,0.1918386491557218,1,2,-1,41.0,26.0,15.0,3,4,-1,38,48,-10,1,1,0,34,44,-10,0,0,0
4,Biology,adaboost,"A researcher in bioinformatics is using an Adaline model to classify different genetic sequences based on their underlying structures. By training the machine learning algorithm on large sets of genomic data, the researcher hopes to identify new patterns and relationships between different genetic markers and their associated traits.","A bioinformatics researcher is utilizing an Adaline model to categorize diverse genetic sequences based on their underlying structures. By leveraging a large-scale machine learning algorithm with genomic data, the scientist seeks to uncover novel patterns and connections between specific genetic markers and corresponding traits.",335,330,5,3,3,0,282,280,2,3,4,-1,0,0,0,47,43,4,48,44,4,6.0,6.5227272727272725,-0.5227272727272725,2,2,0,24.0,22.0,2.0,3,4,-1,45,41,4,1,1,0,40,41,-1,0,0,0
5,Biology,adaptive resonance theory,"As a cognitive neuroscientist, I want to use adaptive resonance theory to study how the brain processes and integrates information from multiple sensory modalities, to better understand perception and develop new therapies for sensory disorders like blindness and deafness.","As a cognitive neuroscientist, I aim to apply adaptive resonance theory to investigate how the brain processes and combines information from various sensory channels. By gaining a deeper understanding of these processes, I hope to develop novel approaches for addressing sensory disorders such as blindness and deafness, ultimately improving the quality of life for individuals affected by these conditions.",273,407,-134,2,4,-2,230,340,-110,3,5,-2,0,0,0,38,58,-20,39,59,-20,6.0256410256410255,5.915254237288136,0.11038678835288973,1,2,-1,39.0,29.5,9.5,3,5,-2,37,55,-18,1,2,-1,34,49,-15,0,0,0
6,Biology,adversarial learning,"As a biologist studying the behavior of social animals, I want to use adversarial learning techniques to model the dynamics of different social interactions and identify the underlying factors that contribute to group behavior.","As a biologist interested in understanding the complex dynamics of social animals, I aim to leverage adversarial learning techniques to model the various interactions within groups and isolate the key factors that influence collective behavior. By doing so, I hope to gain valuable insights into how different social cues, interactions, and behaviors contribute to the emergence of group-level patterns and phenotypes. Ultimately, this knowledge could inform strategies for managing and predicting group behavior in a variety of contexts, from wildlife conservation to human social networks.",227,591,-364,2,5,-3,190,492,-302,2,10,-8,0,0,0,33,84,-51,34,85,-51,5.705882352941177,5.964705882352941,-0.2588235294117647,1,3,-2,34.0,28.333333333333332,5.666666666666668,2,10,-8,32,80,-48,1,2,-1,28,68,-40,0,0,0
7,Biology,adversarial network,"A team of biologists is using an adversarial network to generate realistic 3D models of different biological molecules, such as proteins and enzymes. By training the machine learning algorithm on large sets of structural data, the team hopes to gain new insights into the function and properties of these important biological molecules.","A group of biologists is utilizing an adversarial network to create realistic 3D models of various biological molecules, including proteins and enzymes. By feeding the machine learning algorithm vast amounts of structural data, the team aims to gain novel insights into the function and properties of these crucial biological molecules.",336,336,0,3,3,0,277,279,-2,4,4,0,1,1,0,51,49,2,52,50,2,5.480769230769231,5.74,-0.2592307692307694,2,2,0,26.0,25.0,1.0,4,4,0,49,47,2,2,2,0,43,42,1,0,0,0
8,Biology,anomaly detection,"As a genomics researcher, I want to use anomaly detection algorithms to identify genetic mutations that are not present in the normal population, to improve disease diagnosis and treatment for patients with rare genetic disorders.","As a genomics researcher, I aim to utilize advanced algorithms for detecting anomalies in genetic data. My goal is to identify unique genetic mutations that are not commonly found in the general population, which will enhance disease diagnosis and treatment for individuals with rare genetic disorders. By leveraging these cutting-edge techniques, I hope to make a significant impact in the field of genomics and improve patient outcomes.",230,438,-208,2,5,-3,191,360,-169,3,7,-4,0,0,0,34,66,-32,35,67,-32,5.6,5.552238805970149,0.04776119402985035,1,3,-2,35.0,22.333333333333332,12.666666666666668,3,7,-4,33,62,-29,1,2,-1,32,55,-23,0,0,0
9,Biology,artificial neural network,"As a neuroscientist, I want to use artificial neural networks to model the behavior of different brain regions and study how they communicate and interact with each other.","As a neuroscientist, I aim to leverage the power of artificial neural networks to simulate the complex dynamics of various brain regions. By replicating the intricate interplay between these regions, I hope to gain valuable insights into how they interact and communicate with one another, ultimately leading to a deeper understanding of the underlying neural processes that govern cognition and behavior.",171,405,-234,2,4,-2,140,336,-196,2,5,-3,0,0,0,27,60,-33,28,61,-33,5.142857142857143,5.655737704918033,-0.5128805620608894,1,2,-1,28.0,30.5,-2.5,2,5,-3,26,57,-31,1,2,-1,26,49,-23,0,0,0
10,Biology,attention mechanism,"As a cognitive psychologist, I want to use attention mechanisms to study how the brain selectively processes and prioritizes sensory information, to better understand cognitive processing and develop new therapies for attentional disorders like ADHD.","As a cognitive psychologist, I aim to leverage attention mechanisms to investigate how the brain filters and prioritizes sensory information. By gaining a deeper understanding of these processes, I hope to develop novel interventions for attentional disorders such as ADHD, which can improve cognitive function and overall well-being.",250,334,-84,6,8,-2,207,273,-66,3,6,-3,0,0,0,34,47,-13,35,48,-13,6.171428571428572,5.979166666666667,0.19226190476190474,1,2,-1,35.0,24.0,11.0,3,6,-3,32,43,-11,2,3,-1,31,42,-11,0,0,0
11,Biology,autoencoder,"A team of bioinformaticians is using autoencoders to compress large sets of genomic data into more compact representations, allowing for more efficient analysis and processing of the data.","A group of bioinformaticians is utilizing autoencoders to condense massive amounts of genomic data into more manageable forms, enabling faster and more efficient analysis and processing of the information.",188,205,-17,1,1,0,158,174,-16,2,2,0,0,0,0,27,28,-1,28,29,-1,5.75,6.103448275862069,-0.3534482758620694,1,1,0,28.0,29.0,-1.0,2,2,0,27,28,-1,1,1,0,25,25,0,0,0,0
12,Biology,automated pattern recognition,"As a biologist, I want to use automated pattern recognition techniques to quickly and accurately identify different species of plants and animals based on their physical features, so that I can better understand the biodiversity of natural ecosystems.","As a biologist, I require an efficient and accurate method for identifying various plant and animal species based on their physical characteristics. This will enable me to gain a deeper understanding of the diverse ecosystems that exist in nature. By utilizing automated pattern recognition techniques, I can quickly and accurately classify different species, allowing me to study and learn more about the complex relationships between living organisms and their environment.",251,475,-224,3,5,-2,208,395,-187,3,6,-3,0,0,0,37,69,-32,38,70,-32,5.631578947368421,5.8,-0.16842105263157858,1,3,-2,38.0,23.333333333333332,14.666666666666668,3,6,-3,35,65,-30,2,2,0,34,60,-26,0,0,0
13,Biology,automatic summarization,"A group of researchers is using automatic summarization to extract key information from scientific articles and reports, enabling more efficient review and analysis of the literature.","A team of researchers leverages automated summarization technology to quickly distill crucial details from complex scientific papers and reports, streamlining their review and analysis processes.",183,195,-12,1,1,0,155,168,-13,2,2,0,0,0,0,25,24,1,26,25,1,6.076923076923077,6.84,-0.7630769230769232,1,1,0,26.0,25.0,1.0,2,2,0,25,24,1,1,1,0,24,24,0,0,0,0
14,Biology,backpropagation,"A researcher in computational biology is using backpropagation to train a machine learning algorithm to predict the likelihood of different genetic mutations leading to cancer. By analyzing large sets of genomic data, the algorithm is trained to identify the underlying genetic factors that contribute to cancer development.","A researcher in computational biology is leveraging backpropagation to train a machine learning model to predict the likelihood of specific genetic mutations leading to cancer. By analyzing vast amounts of genomic data, the model is being trained to identify the underlying genetic factors that play a role in the development of cancer.",324,336,-12,2,2,0,273,280,-7,3,3,0,0,0,0,46,51,-5,47,52,-5,5.914893617021277,5.480769230769231,0.4341243862520461,2,2,0,23.5,26.0,-2.5,3,3,0,45,50,-5,1,1,0,37,38,-1,0,0,0
15,Biology,bag of words,"A team is using bag of words models to analyze DNA sequences, aiding in the identification of regulatory regions and the development of new genetic therapies.","A group of researchers is leveraging bag-of-words models to study DNA sequences, with the aim of identifying areas of potential regulatory function and developing innovative genetic treatments.",158,193,-35,4,4,0,127,159,-32,2,4,-2,0,0,0,25,26,-1,26,27,-1,5.115384615384615,6.185185185185185,-1.0698005698005701,1,1,0,26.0,27.0,-1.0,2,4,-2,24,25,-1,2,2,0,23,25,-2,0,0,0
16,Biology,bagging,"As a bioinformatics analyst, I want to use bagging to improve the accuracy of my predictive model for identifying genetic variants associated with drug response, to facilitate precision medicine and improve patient outcomes.","As a bioinformatics analyst, I aim to leverage the power of bagging to enhance the accuracy of my predictive model for identifying genetic variants associated with drug response. By doing so, I hope to contribute to the development of precision medicine and improve patient outcomes.",224,283,-59,2,4,-2,187,231,-44,3,4,-1,0,0,0,32,44,-12,33,45,-12,5.818181818181818,5.311111111111111,0.5070707070707074,1,2,-1,33.0,22.5,10.5,3,4,-1,31,41,-10,1,2,-1,30,37,-7,0,0,0
17,Biology,batch learning,"As a machine learning engineer, I want to use batch learning to train deep neural networks that can accurately predict protein folding and improve our understanding of protein structure and function.","As a machine learning specialist, I aim to leverage batch learning techniques to train complex deep neural networks that can accurately predict protein folding. By doing so, I hope to advance our understanding of protein structure and function, ultimately leading to breakthroughs in fields such as drug discovery and personalized medicine.",199,340,-141,2,4,-2,165,281,-116,2,5,-3,0,0,0,30,50,-20,31,51,-20,5.451612903225806,5.686274509803922,-0.23466160657811574,1,2,-1,31.0,25.5,5.5,2,5,-3,29,47,-18,1,2,-1,27,44,-17,0,0,0
18,Biology,bayesian learning,"As a computational biologist, I want to use Bayesian learning techniques to model the behavior of different biological systems and study how they respond to different stimuli and environmental factors.","As a computational biologist, I aim to leverage Bayesian learning algorithms to analyze and simulate various biological systems. By doing so, I hope to gain insights into how these systems react to different stimuli and environmental factors, which can help me better understand their behavior and make more accurate predictions. By combining statistical modeling with machine learning techniques, I believe I can create a more comprehensive understanding of complex biological processes and improve my ability to forecast their responses to different scenarios.",201,562,-361,3,8,-5,167,466,-299,2,7,-5,0,0,0,29,81,-52,30,82,-52,5.733333333333333,5.865853658536586,-0.1325203252032523,1,3,-2,30.0,27.333333333333332,2.666666666666668,2,7,-5,27,74,-47,1,4,-3,26,63,-37,0,0,0
19,Biology,bayesian network model,"A team of biologists is using a Bayesian network model to identify the underlying factors that contribute to disease susceptibility in different populations. By analyzing large sets of genomic and clinical data, the model is trained to identify genetic and environmental risk factors that contribute to disease development.","A group of biologists is utilizing a Bayesian network model to uncover the underlying factors that influence disease susceptibility in various populations. By examining extensive datasets containing genomic and clinical information, the model is being trained to identify genetic and environmental risk factors that contribute to disease emergence.",323,348,-25,3,3,0,270,295,-25,3,3,0,0,0,0,47,47,0,48,48,0,5.75,6.270833333333333,-0.520833333333333,2,2,0,24.0,24.0,0.0,3,3,0,45,45,0,1,1,0,35,39,-4,0,0,0
20,Biology,bayesian neural network,"As a computational biologist, I want to use bayesian neural networks to model complex biological systems and predict their behavior under different conditions, so that I can gain a deeper understanding of the underlying mechanisms that govern cellular processes.","As a computational biologist, I aim to leverage Bayesian neural networks to model intricate biological systems and forecast their behavior under varying conditions. By doing so, I hope to gain a more profound comprehension of the underlying mechanisms that regulate cellular processes.",262,285,-23,3,5,-2,218,235,-17,3,4,-1,0,0,0,38,41,-3,39,42,-3,5.743589743589744,5.809523809523809,-0.0659340659340657,1,2,-1,39.0,21.0,18.0,3,4,-1,36,37,-1,2,2,0,35,38,-3,0,0,0
21,Biology,bidirectional long short-term memory,"As a bioinformatics researcher, I want to use bi-directional long short-term memory networks to analyze large sets of genomic data and identify patterns of gene expression over time, so that I can better understand the regulatory mechanisms that control cell function.","As a bioinformatics researcher, I aim to utilize bi-directional long short-term memory (LSTM) networks to analyze vast amounts of genomic data and uncover patterns of gene expression over time. By doing so, I hope to gain a deeper understanding of the complex regulatory mechanisms that govern cellular function. This will ultimately enable me to make more informed decisions about how these mechanisms can be manipulated or modulated to better understand cellular behavior and develop new therapeutic strategies.",268,513,-245,3,9,-6,220,419,-199,5,9,-4,0,0,0,40,76,-36,41,77,-36,5.560975609756097,5.675324675324675,-0.11434906556857793,1,3,-2,41.0,25.666666666666668,15.333333333333332,5,9,-4,38,71,-33,2,3,-1,37,66,-29,0,0,0
22,Biology,bidirectional long short-term memory,"As a bioinformatics researcher, I want to use bidirectional long short-term memory (BiLSTM) networks to accurately predict protein structures based on their amino acid sequences. By training the BiLSTM network on a large dataset of protein sequences and their corresponding structures, I can leverage the network's ability to capture both forward and backward context to make more accurate predictions about the 3D structure of proteins. This will help me better understand the function of these proteins and potentially lead to the discovery of new drug targets","As a bioinformatics researcher, I aim to utilize bidirectional long short-term memory (BiLSTM) networks to accurately predict protein structures based on their amino acid sequences. By training the BiLSTM network on a vast repository of protein sequences and their corresponding structures, I can leverage the network's capacity to consider both forward and backward contextual information to make more informed predictions regarding the 3D structure of proteins. This will enable me to better comprehend the functionalities of these proteins and potentially lead to the identification of novel drug targets.",562,608,-46,16,16,0,452,495,-43,8,9,-1,1,1,0,85,87,-2,86,88,-2,5.546511627906977,5.920454545454546,-0.37394291754756903,3,3,0,28.666666666666668,29.333333333333332,-0.6666666666666643,8,9,-1,78,80,-2,3,3,0,68,69,-1,0,0,0
23,Biology,bidirectional recurrent neural network,"As a bioinformatician, I want to use bidirectional recurrent neural networks to model the dynamic behavior of biological systems and predict their response to different stimuli, so that I can develop new therapeutic strategies for disease treatment.","As a bioinformatician, I aim to leverage the power of bidirectional recurrent neural networks (BRNNs) to comprehend the complex dynamics of biological systems. By analyzing the behavior of these systems over time and in response to various stimuli, I hope to identify novel therapeutic strategies for treating diseases. By harnessing the predictive capabilities of BRNNs, I believe we can revolutionize the field of medicine and improve human health outcomes.",249,459,-210,3,14,-11,207,369,-162,3,8,-5,0,0,0,36,68,-32,37,69,-32,5.756756756756757,5.666666666666667,0.09009009009009006,1,3,-2,37.0,23.0,14.0,3,8,-5,34,61,-27,2,3,-1,34,54,-20,0,0,0
24,Biology,bigram,"Researchers are using bigram models to analyze patterns of antibiotic resistance in bacterial populations, facilitating the development of new treatments and interventions.","Scientists are leveraging big data analytics to investigate patterns of antibiotic resistance in bacterial communities, which can inform the development of more effective treatments and strategies for controlling resistant infections.",172,234,-62,1,1,0,148,202,-54,2,2,0,0,0,0,21,29,-8,22,30,-8,6.863636363636363,6.833333333333333,0.030303030303030276,1,1,0,22.0,30.0,-8.0,2,2,0,21,29,-8,0,0,0,21,29,-8,0,0,0
25,Biology,bilstm,"As a computational biologist, I want to use bidirectional long short-term memory (bilstm) models to analyze large sets of genomic data and predict the expression levels of different genes in response to different stimuli, so that I can better understand the underlying regulatory mechanisms that control cell function. By training bilstm models on gene expression data and integrating other relevant genomic features, such as chromatin accessibility and DNA methylation, I can identify key gene regulatory networks and pathways that are involved in specific biological processes. T","As a computational biologist, I aim to utilize bidirectional long short-term memory (bilstm) models to analyze vast amounts of genomic data and forecast the levels of different genes in response to various stimuli. This will enable me to gain a deeper understanding of the underlying regulatory mechanisms that govern cell function. By training bilstm models on gene expression data and integrating other relevant genomic features, such as chromatin accessibility and DNA methylation, I hope to identify crucial gene regulatory networks and pathways involved in specific biological processes. This knowledge will be instrumental in unlocking the secrets of cellular regulation and improving our understanding of complex biological systems.",581,739,-158,9,9,0,478,614,-136,9,10,-1,0,0,0,85,106,-21,86,107,-21,5.767441860465116,5.91588785046729,-0.14844599000217418,3,4,-1,28.666666666666668,26.75,1.9166666666666679,9,10,-1,79,100,-21,5,3,2,66,80,-14,0,0,0
26,Biology,binary classification,"As a bioinformatics researcher, I want to use binary classification algorithms to predict the presence or absence of specific genetic mutations that are associated with different diseases, so that I can develop personalized treatments and interventions.","As a bioinformatics expert, I aim to utilize binary classification techniques to identify specific genetic variations linked to various illnesses. By doing so, I hope to create customized therapies and interventions tailored to each individual's genetic profile.",253,262,-9,3,4,-1,212,217,-5,3,5,-2,0,0,0,35,36,-1,36,37,-1,6.055555555555555,6.108108108108108,-0.052552552552552534,1,2,-1,36.0,18.5,17.5,3,5,-2,33,33,0,2,2,0,33,31,2,0,0,0
27,Biology,boosting method,"As a computational biologist, I want to use boosting methods to predict protein-protein interactions and identify new drug targets, to develop new treatments for diseases like cancer and Alzheimer's.","As a computational biologist, I aim to leverage boosting techniques to predict protein-protein interactions and uncover potential new drug targets. By doing so, I hope to create novel treatments for illnesses such as cancer and Alzheimer's disease, which have posed significant challenges in the medical field.",199,310,-111,3,5,-2,163,253,-90,5,7,-2,0,0,0,28,45,-17,29,46,-17,5.896551724137931,5.760869565217392,0.13568215892053903,1,2,-1,29.0,23.0,6.0,5,7,-2,26,41,-15,1,2,-1,25,42,-17,0,0,0
28,Biology,bootstrap aggregating,"As a genomics researcher, I want to use bootstrap aggregating to improve the accuracy of my predictive model for identifying genetic variants associated with disease, to facilitate precision medicine and improve patient outcomes.","As a genomics researcher, I aim to utilize bootstrap aggregating to enhance the accuracy of my predictive model for identifying genetic variations associated with diseases. By doing so, I hope to contribute to the development of precision medicine and improve patient outcomes.",229,277,-48,2,4,-2,192,228,-36,3,4,-1,0,0,0,32,41,-9,33,42,-9,5.96969696969697,5.619047619047619,0.3506493506493511,1,2,-1,33.0,21.0,12.0,3,4,-1,31,38,-7,1,2,-1,30,36,-6,0,0,0
29,Biology,c4.5 algorithm,"As a bioinformatics researcher, I want to use the c4.5 algorithm to analyze large sets of genetic data and identify the genes and proteins that are most strongly associated with specific diseases, so that I can develop personalized treatments and interventions.","As a bioinformatics researcher, I need to leverage the c4.5 algorithm to process and analyze vast amounts of genetic data in order to identify the genes and proteins that are most closely linked to specific diseases. By doing so, I hope to create tailored treatments and interventions that can be applied to individual patients based on their unique genetic profiles.",261,367,-106,3,4,-1,212,297,-85,4,5,-1,2,2,0,40,59,-19,41,60,-19,5.390243902439025,5.133333333333334,0.256910569105691,2,3,-1,21.0,20.333333333333332,0.6666666666666679,4,5,-1,38,56,-18,2,2,0,35,49,-14,0,0,0
30,Biology,canonical correlation analysis,"As a cancer biologist, I want to use canonical correlation analysis to understand the relationship between gene expression levels and clinical outcomes in cancer patients, to develop personalized treatment plans and improve patient outcomes.","As a cancer researcher, I desire to utilize canonical correlation analysis to examine the correlations between gene expression levels and clinical outcomes in cancer patients. By gaining insights into these relationships, I aim to create tailored treatment plans that are specific to each patient's needs, ultimately leading to improved patient outcomes.",241,354,-113,2,4,-2,203,294,-91,3,6,-3,0,0,0,33,50,-17,34,51,-17,6.117647058823529,5.96078431372549,0.15686274509803866,1,2,-1,34.0,25.5,8.5,3,6,-3,32,47,-15,1,2,-1,30,45,-15,0,0,0
31,Biology,case-based reasoning,"A team of bioinformatics researchers are using case-based reasoning methods to identify new targets for drug development based on the molecular characteristics of existing drugs, in order to accelerate the drug discovery process.","A group of bioinformatics researchers are leveraging case-based reasoning techniques to identify potential new drug targets based on the molecular properties of existing drugs. By analyzing the similarities and differences between these drugs, they aim to streamline the drug discovery process and accelerate the development of new treatments.",229,343,-114,1,2,-1,193,290,-97,3,4,-1,0,0,0,32,47,-15,33,48,-15,5.96969696969697,6.166666666666667,-0.19696969696969724,1,2,-1,33.0,24.0,9.0,3,4,-1,32,46,-14,1,1,0,29,39,-10,0,0,0
32,Biology,chaid,"As a biologist, I want to use the CHAID algorithm to analyze complex genomic datasets and identify the relationships between different genes and proteins, so that I can better understand the underlying biological processes.","As a biologist, I aim to leverage the CHAID algorithm to investigate complex genomic data sets in order to uncover the interconnected relationships between various genes and proteins. By gaining a deeper understanding of these relationships, I hope to elucidate the underlying biological processes that govern the behavior of living organisms.",223,343,-120,8,9,-1,179,280,-101,3,4,-1,0,0,0,33,50,-17,34,51,-17,5.588235294117647,5.745098039215686,-0.15686274509803955,1,2,-1,34.0,25.5,8.5,3,4,-1,30,46,-16,3,3,0,29,42,-13,0,0,0
33,Biology,chatbot,"A group of biologists is using a chatbot to interact with citizen scientists, enabling the collection of data on rare and elusive species and improving conservation efforts.","A team of biologists leverages a chatbot to engage with citizen scientists, allowing them to gather valuable data on hard-to-track species and enhance conservation initiatives.""

Alternatively, here are a few more paraphrase",173,224,-51,1,2,-1,144,184,-40,2,8,-6,0,0,0,26,30,-4,27,32,-5,5.444444444444445,6.0,-0.5555555555555554,1,2,-1,27.0,16.5,10.5,2,6,-4,26,30,-4,1,1,0,25,30,-5,0,0,0
34,Biology,classification algorithms,"As a bioinformatics researcher, I want to use different classification algorithms to analyze large genomic datasets and identify the genes and proteins that are most strongly associated with specific diseases, so that I can develop personalized treatments and interventions.","As a bioinformatics researcher, I aim to leverage various classification techniques to investigate vast genomic data sets and identify the genes and proteins most closely linked with specific diseases. This will enable me to create tailored treatments and interventions, ultimately improving patient outcomes.",274,309,-35,3,3,0,230,260,-30,3,4,-1,0,0,0,38,42,-4,39,43,-4,6.051282051282051,6.209302325581396,-0.15802027429934462,1,2,-1,39.0,21.5,17.5,3,4,-1,36,40,-4,2,1,1,34,39,-5,0,0,0
35,Biology,classification and regression tree,"As a computational biologist, I want to use classification and regression trees to analyze large sets of genomic data and identify the genes and proteins that are most strongly associated with specific diseases, so that I can develop targeted treatments and interventions.","As a computational biologist, I aim to utilize classification and regression tree analysis on large datasets of genomic information to identify the genes and proteins most strongly linked to specific diseases. By doing so, I hope to develop tailored treatments and interventions that can effectively address these diseases at their root cause.",272,343,-71,3,4,-1,225,284,-59,3,4,-1,0,0,0,41,51,-10,42,52,-10,5.5,5.615384615384615,-0.11538461538461497,1,2,-1,42.0,26.0,16.0,3,4,-1,39,48,-9,2,2,0,36,46,-10,0,0,0
36,Biology,classification method,"As a bioinformatics researcher, I want to compare different classification methods to identify the most accurate and reliable approach for predicting the presence or absence of specific genetic mutations that are associated with different diseases.","As a bioinformatics specialist, I need to evaluate various classification techniques to determine which one yields the most accurate and trustworthy predictions for identifying specific genetic mutations linked to different diseases.",248,233,15,2,2,0,210,199,11,2,2,0,0,0,0,34,30,4,35,31,4,6.114285714285714,6.548387096774194,-0.43410138248848007,1,1,0,35.0,31.0,4.0,2,2,0,33,29,4,1,1,0,32,29,3,0,0,0
37,Biology,classifier,"As a computational biologist, I want to use classifiers to analyze large sets of genomic data and identify the genes and proteins that are most strongly associated with specific diseases, so that I can develop targeted treatments and interventions.","As a computational biologist, I aim to leverage classifiers to analyze vast amounts of genomic data and pinpoint the genes and proteins most closely linked to specific diseases. By doing so, I hope to develop tailored treatments and interventions that can effectively address these diseases at their source.",248,307,-59,3,4,-1,204,252,-48,3,4,-1,0,0,0,38,47,-9,39,48,-9,5.384615384615385,5.416666666666667,-0.03205128205128194,1,2,-1,39.0,24.0,15.0,3,4,-1,36,44,-8,2,2,0,34,42,-8,0,0,0
38,Biology,classifier chain,"As a biologist, I want to use a classifier chain to analyze complex genetic datasets and identify the relationships between different genes and proteins, so that I can better understand the underlying biological processes.","As a biologist, I need an effective tool to analyze complex genetic data and uncover the connections between different genes and proteins. By leveraging a classifier chain, I can gain a deeper understanding of the underlying biological processes and better identify patterns and relationships within the data. This will allow me to make more informed decisions about my research and contribute to advancements in the field.",222,423,-201,3,5,-2,183,348,-165,3,5,-2,0,0,0,33,65,-32,34,66,-32,5.5588235294117645,5.424242424242424,0.13458110516934063,1,3,-2,34.0,22.0,12.0,3,5,-2,31,61,-30,2,2,0,29,54,-25,0,0,0
39,Biology,cluster analysis,"As a molecular biologist, I want to use cluster analysis techniques to identify groups of proteins that are functionally related, so that I can better understand the complex interactions that occur within living systems.","As a molecular biologist, I need to analyze large datasets of protein information to identify patterns and relationships that can help me comprehend the intricate processes occurring within living organisms. Cluster analysis techniques will allow me to group proteins based on their functional similarities, enabling me to gain insights into how these proteins interact and contribute to the overall functioning of the cell. By identifying clusters of functionally related proteins, I can develop a deeper understanding of the complex networks that govern biological processes and better appreciate the interconnected nature of cellular functions.",220,647,-427,3,5,-2,181,544,-363,3,6,-3,0,0,0,33,92,-59,34,93,-59,5.5,5.967741935483871,-0.467741935483871,1,3,-2,34.0,31.0,3.0,3,6,-3,31,88,-57,2,2,0,30,71,-41,0,0,0
40,Biology,cnn,"As a bioinformatics researcher, I want to use convolutional neural networks to analyze large sets of imaging data and identify patterns of cell behavior that are associated with specific biological processes, so that I can develop new diagnostic and therapeutic strategies for disease treatmen","As a bioinformatics researcher, I aim to leverage the power of convolutional neural networks (CNNs) to examine large collections of imaging data. My goal is to identify specific patterns of cell behavior that are linked to particular biological processes. By doing so, I hope to develop innovative diagnostic and therapeutic strategies for various diseases.",293,357,-64,3,8,-5,245,289,-44,2,7,-5,0,0,0,43,53,-10,44,54,-10,5.681818181818182,5.62962962962963,0.052188552188551895,1,3,-2,44.0,18.0,26.0,2,7,-5,41,48,-7,2,2,0,39,47,-8,0,0,0
41,Biology,co-training,"As a bioinformatics researcher, I want to use co-training techniques to improve the accuracy and reliability of machine learning models for predicting the presence or absence of specific genetic mutations that are associated with different diseases.","As a bioinformatics researcher, I aim to leverage co-training strategies to enhance the precision and reliability of machine learning models in predicting the presence or absence of specific genetic variations linked to various diseases. By combining complementary data and algorithms, I hope to improve the accuracy of these predictions and provide more reliable results for diagnostic and therapeutic purposes.",249,412,-163,2,4,-2,209,345,-136,3,5,-2,0,0,0,35,58,-23,36,59,-23,5.944444444444445,6.0,-0.05555555555555536,1,2,-1,36.0,29.5,6.5,3,5,-2,34,55,-21,1,2,-1,33,48,-15,0,0,0
42,Biology,competitive learning,"As a neuroscientist, I want to use competitive learning to study how neurons in the brain compete to process sensory information and learn new skills, to better understand brain plasticity and develop new therapies for neurological disorders.","As a neuroscientist, I aim to leverage competitive learning techniques to investigate how neurons in the brain compete to interpret sensory inputs and adapt to new experiences. By gaining insights into the mechanisms of brain plasticity, we can develop innovative therapies for various neurological conditions.",242,310,-68,2,3,-1,201,259,-58,3,4,-1,0,0,0,36,44,-8,37,45,-8,5.5675675675675675,5.911111111111111,-0.3435435435435439,1,2,-1,37.0,22.5,14.5,3,4,-1,35,42,-7,1,1,0,31,40,-9,0,0,0
43,Biology,computational argumentation,"As a biologist, I want to use computational argumentation to identify and evaluate different hypotheses for a complex biological process, such as the molecular mechanisms behind a disease.","As a biologist, I aim to leverage computational argumentation techniques to explore and evaluate various hypotheses regarding the intricate biological processes underlying a disease. By employing argumentation algorithms, I hope to identify and assess potential mechanisms at play, ultimately leading to a deeper understanding of the disease and the development of effective treatment strategies.",188,396,-208,2,4,-2,156,334,-178,3,5,-2,0,0,0,27,53,-26,28,54,-26,5.75,6.351851851851852,-0.6018518518518521,1,2,-1,28.0,27.0,1.0,3,5,-2,26,50,-24,1,2,-1,25,42,-17,0,0,0
44,Biology,computational linguistics,"As a bioinformatics specialist, I want to apply computational linguistics techniques to extract relevant information from biomedical literature and build knowledge graphs to facilitate knowledge discovery and hypothesis generation.","As a bioinformatics expert, I aim to leverage advanced computational methods for analyzing biomedical texts to uncover valuable insights and create knowledge graphs that facilitate innovative discoveries and hypothesis creation. By applying linguistic analysis techniques, I can extract relevant information from large volumes of biomedical literature and organize it into structured frameworks, enabling me to identify patterns, relationships, and potential leads for further investigation. Through this process, I hope to accelerate the discovery of new knowledge and insights that can advance our understanding of biology and medicine.",231,638,-407,2,6,-4,199,537,-338,2,9,-7,0,0,0,28,86,-58,29,87,-58,7.0,6.344827586206897,0.6551724137931032,1,3,-2,29.0,29.0,0.0,2,9,-7,27,81,-54,1,3,-2,25,69,-44,0,0,0
45,Biology,computational semantics,"As a computational biologist, I want to develop computational semantic models to represent the meaning of biological concepts and entities, and use them to improve automated text mining and information retrieval from biomedical databases.","As a computational biologist, I aim to create sophisticated semantic models that encapsulate the meaning of various biological concepts and entities. By doing so, I hope to enhance the efficiency and accuracy of automated text mining and information retrieval tasks within biomedical databases. In essence, my goal is to unlock the full potential of these databases by leveraging the power of semantic models to extract meaningful insights and connections from the vast amounts of data they contain.",238,499,-261,2,5,-3,200,412,-212,3,6,-3,0,0,0,33,76,-43,34,77,-43,6.029411764705882,5.4935064935064934,0.5359052711993888,1,3,-2,34.0,25.666666666666668,8.333333333333332,3,6,-3,32,72,-40,1,2,-1,29,60,-31,0,0,0
46,Biology,concept drift,"As a bioinformatics analyst, I want to use concept drift detection algorithms to monitor changes in bacterial communities over time, to study the impact of environmental factors such as pollution and climate change on microbial ecosystems.","As a bioinformatics analyst, I aim to utilize advanced algorithms for detecting changes in bacterial communities over time, with the ultimate goal of understanding how environmental factors such as pollution and climate change affect microbial ecosystems. By continuously monitoring these changes, I hope to provide valuable insights into the dynamics of these ecosystems and inform strategies for their conservation and management.",239,432,-193,2,4,-2,199,363,-164,3,5,-2,0,0,0,35,60,-25,36,61,-25,5.666666666666667,6.098360655737705,-0.4316939890710376,1,2,-1,36.0,30.5,5.5,3,5,-2,34,57,-23,1,2,-1,34,53,-19,0,0,0
47,Biology,conceptual clustering,"As a biologist, I want to use conceptual clustering to identify different groups of organisms based on their morphological and genetic characteristics, so that I can better understand the evolution and diversity of life on Earth.","As a biologist, I need to group organisms based on their physical and genetic traits in order to gain a deeper understanding of how life on Earth has evolved. By using conceptual clustering techniques, I can identify distinct patterns of similarity and difference among various organisms, providing insights into the evolutionary relationships between them. This information will help me better understand the diversity of life on our planet and how different species have adapted to their environments over time.",229,513,-284,4,6,-2,187,423,-236,3,6,-3,0,0,0,35,78,-43,36,79,-43,5.388888888888889,5.506329113924051,-0.11744022503516138,1,3,-2,36.0,26.333333333333332,9.666666666666668,3,6,-3,32,73,-41,2,2,0,31,65,-34,0,0,0
48,Biology,conditional gans,"As a computational biologist, I want to use conditional GANs to generate realistic images of different organisms based on their genetic profiles, so that I can create accurate and comprehensive visual representations of different species and their characteristics.","As a computational biologist, I need an innovative tool to generate visually realistic images of various organisms based on their genetic makeup. This will enable me to create detailed and accurate representations of different species and their distinct characteristics, which can help deepen our understanding of evolutionary processes and improve conservation efforts. By harnessing the power of conditional GANs, I aim to generate high-quality images that are tailored to specific genetic profiles, providing a more comprehensive view of the biological world.",264,562,-298,6,8,-2,218,466,-248,3,8,-5,0,0,0,37,80,-43,38,81,-43,5.973684210526316,5.950617283950617,0.023066926575698865,1,3,-2,38.0,27.0,11.0,3,8,-5,34,75,-41,2,2,0,32,65,-33,0,0,0
49,Biology,conditional random field,"A team of bioinformaticians is using a conditional random field model to identify potential protein-protein interactions from large sets of genomic data. By incorporating contextual information and dependencies between different features, the team is able to more accurately predict protein interactions and gain insights into complex biological systems.","A group of bioinformaticians is employing a conditional random field (CRF) model to analyze large datasets of genomic information in order to identify potential protein-protein interactions. By taking into account the contextual information and interdependencies between different features, the team is able to more accurately predict protein interactions and gain a deeper understanding of the complex biological systems they are studying.",354,440,-86,2,5,-3,301,369,-68,4,6,-2,0,0,0,47,60,-13,48,61,-13,6.395833333333333,6.229508196721311,0.16632513661202175,2,2,0,24.0,30.5,-6.5,4,6,-2,46,58,-12,1,2,-1,42,51,-9,0,0,0
50,Biology,consensus clustering,"As a bioinformatician, I want to use consensus clustering to identify different subtypes of cancer based on their gene expression patterns, so that I can improve diagnosis and treatment options for patients.","As a bioinformatician, I aim to utilize consensus clustering techniques to group cancer cells into distinct subtypes based on their gene expression profiles. By doing so, I hope to enhance the accuracy of cancer diagnosis and develop more effective treatment strategies for patients.",207,283,-76,3,4,-1,170,233,-63,3,4,-1,0,0,0,31,42,-11,32,43,-11,5.5,5.604651162790698,-0.10465116279069786,1,2,-1,32.0,21.5,10.5,3,4,-1,29,39,-10,2,2,0,30,39,-9,0,0,0
51,Biology,constrained clustering,"As a microbiologist, I want to use constrained clustering to identify different strains of bacteria based on their genetic profiles, while also accounting for specific environmental factors that may impact their growth and behavior.","As a microbiologist, I aim to employ constrained clustering techniques to group different bacterial strains based on their genetic characteristics. In doing so, I will consider how environmental factors like temperature, humidity, and nutrient availability can affect the growth and behavior of these microorganisms. By taking these factors into account through the clustering process, I hope to gain a deeper understanding of how bacteria adapt to their surroundings and how this influences their distribution within a given environment.",232,538,-306,2,6,-4,194,447,-253,3,8,-5,0,0,0,33,77,-44,34,78,-44,5.852941176470588,5.910256410256411,-0.057315233785822706,1,3,-2,34.0,26.0,8.0,3,8,-5,32,72,-40,1,3,-2,32,60,-28,0,0,0
52,Biology,controlled natural language,"As a bioinformatician, I want to use controlled natural language to standardize the representation of biological data and enable automated reasoning and inference over large knowledge bases.","As a bioinformatician, I require a standardized language for representing biological data to facilitate automated reasoning and inference across large knowledge bases. By employing controlled natural language, I can ensure consistent and unambiguous representation of information, enabling more efficient and accurate analysis of complex biological systems.",190,357,-167,2,4,-2,160,303,-143,2,5,-3,0,0,0,26,45,-19,27,46,-19,6.074074074074074,6.782608695652174,-0.7085346215780994,1,2,-1,27.0,23.0,4.0,2,5,-3,25,42,-17,1,2,-1,25,40,-15,0,0,0
53,Biology,conversational agent,"As a clinical researcher, I want to develop a conversational agent that uses machine learning to interact with patients and collect data on their health status, lifestyle, and environmental factors to identify potential risk factors for diseases.","As a clinical researcher, I aim to create an interactive AI system that can engage with patients and gather information about their health, lifestyle, and environmental conditions. By analyzing these data using machine learning algorithms, the conversational agent will be able to identify potential risk factors for various diseases, which can help inform personalized treatment plans and improve patient outcomes.",246,415,-169,2,5,-3,204,344,-140,4,7,-3,0,0,0,36,59,-23,37,60,-23,5.675675675675675,5.933333333333334,-0.25765765765765813,1,2,-1,37.0,30.0,7.0,4,7,-3,35,56,-21,1,2,-1,32,56,-24,0,0,0
54,Biology,conversational understanding,"As a biologist, I want to use conversational understanding techniques to build intelligent assistants that can answer complex questions about biological systems and processes, such as the impact of gene expression on cellular functions.","As a biologist, I desire the ability to leverage conversational understanding technologies to create intelligent assistants that can provide comprehensive answers to complex inquiries regarding biological systems and processes. Specifically, I want these assistants to possess the capacity to understand and respond to questions about the intricate relationships between gene expression and cellular functions, such as how variations in gene transcription affect cellular behavior or how changes in protein production impact cellular signaling pathways. By harnessing the power of conversational understanding, I aim to create intelligent assistants that can provide valuable insights and support in my research endeavors.",236,722,-486,2,6,-4,198,612,-414,3,7,-4,0,0,0,33,97,-64,34,98,-64,5.970588235294118,6.377551020408164,-0.4069627851140458,1,3,-2,34.0,32.666666666666664,1.3333333333333357,3,7,-4,32,92,-60,1,3,-2,33,70,-37,0,0,0
55,Biology,convolutional neural network,"As a biotechnology researcher, I want to use convolutional neural networks to predict the structure and function of different proteins based on their amino acid sequences, so that I can identify potential targets for drug development and other therapeutic interventions.","As a biotechnology researcher, I aim to leverage the power of convolutional neural networks (CNNs) to accurately predict the three-dimensional structure and functional properties of various proteins based on their amino acid sequences. By doing so, I hope to identify potential drug development targets and other therapeutic interventions that can be used to improve human health.",270,380,-110,3,7,-4,225,311,-86,3,7,-4,0,0,0,39,55,-16,40,56,-16,5.775,5.803571428571429,-0.02857142857142847,1,2,-1,40.0,28.0,12.0,3,7,-4,37,51,-14,2,2,0,37,49,-12,0,0,0
56,Biology,cost-sensitive learning,"As a bioinformatics researcher, I want to use cost-sensitive learning techniques to optimize classification models for imbalanced datasets, so that I can improve the accuracy and reliability of disease diagnosis and other biomedical applications.","As a bioinformatics researcher, I aim to leverage cost-sensitive learning methods to enhance the performance of classification models on datasets that are imbalanced in terms of class distribution. By doing so, I hope to increase the accuracy and reliability of disease diagnosis and other biomedical applications.",246,314,-68,3,4,-1,206,260,-54,4,5,-1,0,0,0,33,45,-12,34,46,-12,6.264705882352941,5.8478260869565215,0.4168797953964196,1,2,-1,34.0,23.0,11.0,4,5,-1,31,42,-11,2,2,0,31,39,-8,0,0,0
57,Biology,cross-language information retrieval,"As a bioinformatics specialist, I want to use cross-language information retrieval to extract relevant information from scientific literature written in different languages and build comprehensive knowledge repositories for global biomedical research.","As a bioinformatics specialist, I aim to leverage cross-language information retrieval techniques to fetch relevant data from scientific literature published in various languages and construct extensive knowledge repositories for global biomedical research. By doing so, I can aggregate and synthesize information from diverse sources, fostering a more comprehensive understanding of the field and facilitating cutting-edge research.",251,433,-182,2,4,-2,216,367,-151,3,7,-4,0,0,0,30,55,-25,31,56,-25,7.129032258064516,6.75,0.379032258064516,1,2,-1,31.0,28.0,3.0,3,7,-4,29,52,-23,1,2,-1,29,48,-19,0,0,0
58,Biology,cross-validation,"As a bioinformatics analyst, I want to use cross-validation techniques to evaluate the performance of my machine learning algorithm for predicting protein-ligand binding affinity, to improve the accuracy of virtual drug screening and lead optimization.","As a bioinformatics analyst, I aim to utilize cross-validation techniques to assess the performance of my machine learning algorithm for predicting protein-ligand binding affinity. By doing so, I aspire to enhance the accuracy of virtual drug screening and lead optimization processes, ultimately leading to more effective and efficient development of new drugs.",252,362,-110,2,4,-2,211,300,-89,5,7,-2,0,0,0,34,51,-17,35,52,-17,6.228571428571429,5.980769230769231,0.2478021978021978,1,2,-1,35.0,26.0,9.0,5,7,-2,33,48,-15,1,2,-1,31,44,-13,0,0,0
59,Biology,data augmentation,"As a bioinformatician, I want to use data augmentation techniques to increase the size of my genomic datasets and improve the accuracy of my analyses, so that I can identify new targets for drug development and other therapeutic interventions.","As a bioinformatician, I aim to leverage data augmentation techniques to expand my genomic datasets, enhancing the accuracy of my analyses. This will enable me to uncover new potential drug targets and therapeutic interventions, thereby advancing the field of drug development.",243,277,-34,3,3,0,199,229,-30,3,5,-2,0,0,0,38,40,-2,39,41,-2,5.256410256410256,5.780487804878049,-0.5240775484677922,1,2,-1,39.0,20.5,18.5,3,5,-2,36,38,-2,2,1,1,33,35,-2,0,0,0
60,Biology,data mining,"As a biologist, I want to use data mining to analyze large datasets of gene expression data, so that I can identify patterns and relationships between genes and biological processes.","As a biologist, I need to leverage data mining techniques to analyze vast amounts of gene expression data. This will enable me to uncover hidden patterns and connections between genes and the underlying biological processes. By doing so, I can gain deeper insights into the complex interactions within biological systems and make more informed decisions in my research.",182,369,-187,3,5,-2,147,302,-155,3,5,-2,0,0,0,29,57,-28,30,58,-28,5.1,5.379310344827586,-0.27931034482758665,1,3,-2,30.0,19.333333333333332,10.666666666666668,3,5,-2,27,53,-26,2,2,0,27,51,-24,0,0,0
61,Biology,data pre-processing,"As a researcher in genetics, I want to use data pre-processing techniques to remove noise and artifacts from my genomic data and improve the accuracy of my analyses, so that I can better understand the underlying genetic mechanisms that drive cell function.","As a genetics researcher, I need to prepare my genomic data for analysis by removing unwanted noise and artifacts. This will allow me to gain a clearer understanding of the underlying genetic mechanisms that influence cellular function, ultimately leading to more accurate and informative results.",257,297,-40,3,3,0,209,246,-37,4,4,0,0,0,0,41,44,-3,42,45,-3,5.142857142857143,5.622222222222222,-0.47936507936507855,1,2,-1,42.0,22.5,19.5,4,4,0,39,42,-3,2,1,1,35,41,-6,0,0,0
62,Biology,decision boundary,"As a bioinformatics researcher, I want to use decision boundary algorithms to classify different types of cells based on their gene expression profiles, so that I can better understand the underlying biological mechanisms and identify potential targets for drug development.","As a bioinformatics researcher, I aim to employ boundary algorithms for classifying different cell types based on their gene expression profiles. This will enable me to gain deeper insights into the underlying biological mechanisms and identify potential drug targets for therapeutic development.",274,296,-22,3,3,0,229,249,-20,3,3,0,0,0,0,39,41,-2,40,42,-2,5.875,6.071428571428571,-0.19642857142857117,1,2,-1,40.0,21.0,19.0,3,3,0,37,39,-2,2,1,1,38,40,-2,0,0,0
63,Biology,decision tree,"As a computational biologist, I want to use decision tree algorithms to identify the most important genes and pathways involved in a particular disease, so that I can develop targeted treatments and therapies.","As a computational biologist, I aim to leverage decision tree algorithms to pinpoint the genes and molecular pathways most crucial in the development of a particular disease. By doing so, I hope to create targeted treatments and therapies that are tailored to the specific underlying mechanisms of the illness.",209,310,-101,3,4,-1,171,254,-83,3,4,-1,0,0,0,32,48,-16,33,49,-16,5.363636363636363,5.346938775510204,0.01669758812615907,1,2,-1,33.0,24.5,8.5,3,4,-1,30,45,-15,2,2,0,29,39,-10,0,0,0
64,Biology,deep autoencoder,"As a computational biologist, I want to use deep autoencoders to compress and represent large sets of genomic data, so that I can identify hidden patterns and relationships that would be difficult to detect using other methods.","As a computational biologist, I aim to leverage deep autoencoders to compactly represent extensive genomic data. By doing so, I hope to uncover previously undetectable patterns and connections that would be challenging to identify using traditional methods.",227,257,-30,3,4,-1,185,213,-28,3,4,-1,0,0,0,36,36,0,37,37,0,5.162162162162162,5.972972972972973,-0.8108108108108105,1,2,-1,37.0,18.5,18.5,3,4,-1,34,33,1,2,2,0,32,33,-1,0,0,0
65,Biology,deep belief network,"As a bioinformatician, I want to use deep belief networks to predict the functions of different genes based on their DNA sequences, so that I can identify potential targets for drug development and other therapeutic interventions.","As a bioinformatician, I aim to leverage deep belief networks to forecast the functional roles of genes based on their DNA sequences. This will enable me to identify potential drug development targets and other therapeutic interventions. By doing so, I hope to accelerate the discovery of new treatments for various diseases.",230,325,-95,6,8,-2,186,262,-76,3,5,-2,0,0,0,35,50,-15,36,51,-15,5.416666666666667,5.392156862745098,0.02450980392156854,1,3,-2,36.0,17.0,19.0,3,5,-2,32,45,-13,3,3,0,34,45,-11,0,0,0
66,Biology,deep learning,"As a biotechnology researcher, I want to use deep learning techniques to analyze large sets of genomic data and identify the underlying biological pathways and mechanisms that drive cell function, so that I can identify potential targets for drug development and other therapeutic interventions.","As a biotechnology researcher, I aim to leverage advanced machine learning algorithms to comprehensively analyze vast amounts of genomic data. By uncovering the underlying biological processes and mechanisms that control cellular function, I hope to identify potential therapeutic targets for drug development and other interventions.",295,334,-39,3,4,-1,246,282,-36,3,4,-1,0,0,0,43,44,-1,44,45,-1,5.7272727272727275,6.444444444444445,-0.7171717171717171,1,2,-1,44.0,22.5,21.5,3,4,-1,41,41,0,2,2,0,38,41,-3,0,0,0
67,Biology,deep neural network,"As a bioinformatics researcher, I want to use deep neural networks to predict the effects of different genetic mutations on protein structure and function, so that I can identify potential targets for drug development and other therapeutic interventions.","As a bioinformatics researcher, I aim to leverage the power of deep neural networks to forecast how genetic mutations can affect protein structure and function. By doing so, I hope to identify potential therapeutic targets for drug development and other interventions, ultimately leading to improved treatments and better patient outcomes.",254,339,-85,3,4,-1,211,281,-70,3,5,-2,0,0,0,37,49,-12,38,50,-12,5.7105263157894735,5.8,-0.08947368421052637,1,2,-1,38.0,25.0,13.0,3,5,-2,35,46,-11,2,2,0,35,44,-9,0,0,0
68,Biology,delta rule,"As a bioinformatics researcher, I want to use the delta rule to optimize learning rates for neural networks, so that I can improve the accuracy and reliability of disease diagnosis and other biomedical applications.","As a bioinformatics researcher, I desire to employ the delta rule for optimizing learning rates in neural networks. By doing so, I aim to enhance the accuracy and dependability of disease diagnosis and other biomedical applications. The delta rule allows me to dynamically adjust the learning rate of my neural network based on the difference between the current and previous performances, enabling me to find the optimal learning rate that maximizes model accuracy and minimizes overfitting. By leveraging this technique, I can improve the overall performance of my bioinformatics models and provide more accurate diagnoses for patients.",215,638,-423,3,7,-4,176,527,-351,3,8,-5,0,0,0,33,96,-63,34,97,-63,5.352941176470588,5.587628865979381,-0.23468768950879326,1,4,-3,34.0,24.25,9.75,3,8,-5,31,90,-59,2,3,-1,30,68,-38,0,0,0
69,Biology,dependency parsing,"As a computational biologist, I want to use dependency parsing to automatically extract relations between biological entities and construct knowledge graphs that can help in understanding biological pathways and networks.","As a computational biologist, I aim to leverage dependency parsing techniques to automatically extract relevant information about the relationships between different biological entities. By constructing knowledge graphs based on these extracted relations, I hope to gain a deeper understanding of complex biological pathways and networks, which can ultimately inform my research and contribute to advancements in the field.",221,423,-202,2,4,-2,188,357,-169,2,5,-3,0,0,0,29,57,-28,30,58,-28,6.4,6.310344827586207,0.08965517241379306,1,2,-1,30.0,29.0,1.0,2,5,-3,28,54,-26,1,2,-1,27,50,-23,0,0,0
70,Biology,developmental robotics,"A team of biologists is using developmental robotics techniques to study the neural basis of behavior in fruit flies. By analyzing the behavior of genetically manipulated flies in response to different stimuli, the team is able to identify the neural circuits and mechanisms that underlie different behaviors.","A group of biologists is leveraging robotics techniques specifically designed for developmental studies to investigate the neural basis of behavior in fruit flies. By analyzing the actions of genetically modified flies in response to various stimuli, the team is able to pinpoint the neural pathways and mechanisms that drive different behaviors.",309,346,-37,2,2,0,258,291,-33,3,3,0,0,0,0,46,50,-4,47,51,-4,5.595744680851064,5.803921568627451,-0.20817688777638654,2,2,0,23.5,25.5,-2.0,3,3,0,45,49,-4,1,1,0,34,41,-7,0,0,0
71,Biology,dialogue system,"As a bioinformatics researcher, I want to develop a dialogue system that can communicate with biologists in natural language and provide automated support for tasks such as gene expression analysis, drug discovery, and protein structure prediction.","As a bioinformatics researcher, I require a sophisticated conversation system that can communicate with biologists in everyday language and offer automated assistance for tasks such as gene expression analysis, drug discovery, and protein structure prediction. This system should be able to understand and respond to complex queries and provide relevant information and insights to help researchers accelerate their work and achieve better outcomes.",248,449,-201,2,3,-1,207,379,-172,4,5,-1,0,0,0,35,62,-27,36,63,-27,5.916666666666667,6.142857142857143,-0.22619047619047628,1,2,-1,36.0,31.5,4.5,4,5,-1,34,60,-26,1,1,0,34,54,-20,0,0,0
72,Biology,dimensionality reduction,"As a computational biologist, I want to use dimensionality reduction techniques to identify the most important features in large sets of genomic data, so that I can more easily identify patterns and relationships that may be important for understanding biological function.","As a computational biologist, I need to find ways to simplify complex datasets containing large amounts of genomic information. By applying dimensionality reduction techniques, I can identify the most critical features within these datasets and gain insights into patterns and relationships that may be crucial for understanding biological processes.",273,350,-77,3,4,-1,227,294,-67,3,4,-1,0,0,0,40,48,-8,41,49,-8,5.682926829268292,6.163265306122449,-0.48033847685415676,1,2,-1,41.0,24.5,16.5,3,4,-1,38,45,-7,2,2,0,36,45,-9,0,0,0
73,Biology,discourse parsing,"As a biostatistician, I want to use discourse parsing to analyze medical records and identify patterns of clinical events that can be used to predict disease progression and develop personalized treatment plans.","As a biostatistician, I aim to utilize discourse parsing techniques to scrutinize medical records and uncover patterns of clinical events that can aid in predicting disease progression and devising personalized treatment plans tailored to individual patients.",211,259,-48,2,2,0,176,220,-44,2,2,0,0,0,0,31,35,-4,32,36,-4,5.625,6.222222222222222,-0.5972222222222223,1,1,0,32.0,36.0,-4.0,2,2,0,30,34,-4,1,1,0,29,33,-4,0,0,0
74,Biology,discourse relation,"As a bioinformatics specialist, I want to use discourse relation analysis to understand the flow of information in scientific articles and identify the most relevant information for specific biological questions.","As a bioinformatics specialist, I aim to leverage discourse relation analysis to decipher the communication patterns in scientific articles and isolate the most critical knowledge for addressing specific biological queries.",212,223,-11,2,2,0,179,190,-11,2,2,0,0,0,0,29,29,0,30,30,0,6.1,6.466666666666667,-0.36666666666666714,1,1,0,30.0,30.0,0.0,2,2,0,28,28,0,1,1,0,27,28,-1,0,0,0
75,Biology,"discourse, dialogue and pragmatics","As a biologist, I want to use discourse, dialogue, and pragmatics to analyze the communication patterns of different biological systems and identify the underlying principles of their functioning.","As a biologist, I aim to employ language-related methods, such as discourse analysis, dialogue studies, and pragmatics, to investigate how different biological systems communicate with one another. By examining the patterns and principles of their communication, I hope to gain insights into how these systems function and interact.""

In this paraphrase, I've attempted to rephrase the original statement using more technical language from the field of linguistics, while still conveying the same meaning. Here are some key change",196,530,-334,2,7,-5,163,431,-268,4,16,-12,0,0,0,27,76,-49,28,78,-50,6.035714285714286,5.794871794871795,0.24084249084249088,1,4,-3,28.0,19.75,8.25,4,14,-10,26,71,-45,1,2,-1,24,66,-42,0,0,0
76,Biology,document classification,"As a biomedical researcher, I want to use document classification techniques to categorize scientific articles according to their relevance and potential impact on specific research questions.","As a scientist studying biomedical research, I need to quickly and accurately identify relevant articles that could potentially answer specific research questions. To do this, I want to use document classification techniques to categorize these articles based on their relevance and potential impact.",192,300,-108,2,4,-2,163,250,-87,2,4,-2,0,0,0,25,42,-17,26,43,-17,6.423076923076923,6.0,0.42307692307692335,1,2,-1,26.0,21.5,4.5,2,4,-2,24,39,-15,1,2,-1,24,38,-14,0,0,0
77,Biology,document clustering,"As a bioinformatician, I want to use document clustering to group scientific articles with similar topics and identify new research directions and opportunities.","As a bioinformatician, I aim to utilize document clustering techniques to organize scientific articles based on their related themes. By grouping similar articles together, I can uncover emerging research areas and potential new directions in my field, ultimately leading to innovative discoveries and advancements.",161,315,-154,2,4,-2,135,263,-128,2,5,-3,0,0,0,22,43,-21,23,44,-21,6.043478260869565,6.181818181818182,-0.13833992094861625,1,2,-1,23.0,22.0,1.0,2,5,-3,21,40,-19,1,2,-1,21,39,-18,0,0,0
78,Biology,document embedding,"As a computational biologist, I want to use document embedding techniques to represent scientific articles in a high-dimensional space and perform information retrieval and recommendation tasks based on their semantic similarity.","As a computational biologist, I aim to leverage document embedding techniques to map scientific articles onto a complex, high-dimensional space. By doing so, I can perform sophisticated information retrieval and recommendation tasks by analyzing the semantic similarity between these articles. In other words, I want to use these techniques to help me discover relevant literature, identify patterns and connections within the biological community, and ultimately advance our understanding of complex biological systems.",229,520,-291,2,6,-4,194,433,-239,3,10,-7,0,0,0,30,71,-41,31,72,-41,6.419354838709677,6.236111111111111,0.18324372759856633,1,3,-2,31.0,24.0,7.0,3,10,-7,29,66,-37,1,3,-2,28,60,-32,0,0,0
79,Biology,domain adaptation,"A group of computational biologists is using domain adaptation techniques to improve the accuracy of genomic sequence analysis in non-model organisms. By transferring knowledge and features from well-studied model organisms, the team is able to identify homologous genes and gain insights into the genetic basis of complex traits.","A group of computational biologists is leveraging domain adaptation techniques to enhance the accuracy of genomic sequence analysis in non-model organisms. By borrowing knowledge and features from well-understood model organisms, the team is able to identify equivalent genes and gain a deeper understanding of the genetic underpinnings of intricate traits.",330,357,-27,2,2,0,276,301,-25,5,5,0,0,0,0,47,49,-2,48,50,-2,5.895833333333333,6.16,-0.2641666666666671,2,2,0,24.0,25.0,-1.0,5,5,0,46,48,-2,1,1,0,41,42,-1,0,0,0
80,Biology,early stopping,"As a researcher in bioinformatics, I want to use early stopping techniques to improve the efficiency and accuracy of my machine learning models, so that I can more accurately predict the potential effects of different genetic mutations.","As a bioinformatics researcher, I aim to enhance the productivity and accuracy of my machine learning models by incorporating early stopping techniques. This will enable me to better predict the effects of various genetic mutations on biological processes, which is essential for advancing our understanding of disease mechanisms and developing effective treatments.",236,366,-130,3,3,0,194,308,-114,3,4,-1,0,0,0,36,51,-15,37,52,-15,5.405405405405405,6.0576923076923075,-0.6522869022869022,1,2,-1,37.0,26.0,11.0,3,4,-1,34,49,-15,2,1,1,33,47,-14,0,0,0
81,Biology,echo state network,"As a neuroscientist, I want to use echo state networks to model the dynamics of neural activity in the brain and predict the effects of different stimuli on brain function, so that I can better understand the relationship between neural activity and behavior.","As a neuroscientist, I aim to leverage echo state networks (ESN) to simulate the intricate workings of brain activity. By applying ESN, I hope to forecast the impact of various stimuli on brain function, thereby gaining deeper insights into the complex relationship between neural activity and behavior.",259,303,-44,3,10,-7,211,240,-29,3,7,-4,0,0,0,42,46,-4,43,47,-4,5.046511627906977,5.468085106382978,-0.42157347847600146,1,2,-1,43.0,23.5,19.5,3,7,-4,40,41,-1,2,4,-2,33,40,-7,0,0,0
82,Biology,elastic matching,"As a medical imaging specialist, I want to use elastic matching to register magnetic resonance imaging (MRI) scans of the brain and spinal cord, to improve the accuracy of diagnosis and treatment of neurological disorders such as multiple sclerosis.","As a medical imaging expert, I aim to utilize elastic matching to align Magnetic Resonance Imaging (MRI) scans of the brain and spinal cord. By doing so, I can significantly enhance the accuracy of diagnoses and treatments for neurological disorders, such as multiple sclerosis, which are challenging to diagnose and manage without advanced imaging techniques like elastic matching.",249,382,-133,5,10,-5,201,307,-106,5,8,-3,0,0,0,38,57,-19,39,58,-19,5.410256410256411,5.603448275862069,-0.19319186560565882,1,2,-1,39.0,29.0,10.0,5,8,-3,36,50,-14,2,3,-1,32,49,-17,0,0,0
83,Biology,elbot,"As a molecular biologist, I want to use Elbot, a chatbot with natural language processing capabilities, to query large biological databases and retrieve relevant information on gene expression, protein structure, and disease pathways.","As a molecular biologist, I desire to leverage Elbot, an advanced chatbot with natural language processing capabilities, to efficiently access and retrieve valuable insights from vast biological databases. Specifically, I aim to use Elbot to query these databases for information on gene expression patterns, protein structures, and disease pathways, in order to gain a deeper understanding of the complex biological systems I am studying. By employing Elbot's natural language processing abilities, I can quickly and accurately retrieve relevant data without having to manually sift through large amounts of information, allowing me to focus on higher-level scientific tasks such as data analysis and interpretation. Ultimately, the use of Elbot will help me make more informed decisions in my research and advance our understanding of biological systems.",234,856,-622,3,12,-9,193,704,-511,6,16,-10,0,0,0,32,124,-92,33,125,-92,6.121212121212121,5.856,0.26521212121212123,1,4,-3,33.0,31.25,1.75,6,16,-10,30,113,-83,1,4,-3,30,94,-64,0,0,0
84,Biology,eliza,"As a biologist, I want to use Eliza to generate conversational responses related to my research, so that I can better understand and communicate my findings to others.","As a scientist focused on biology, I need an AI tool like Eliza to create conversation-style responses related to my research. This will enable me to gain a deeper understanding of my findings and effectively communicate them to others, including colleagues, students, or the general public.",167,291,-124,4,6,-2,133,233,-100,3,7,-4,0,0,0,27,45,-18,28,46,-18,5.0,5.3478260869565215,-0.3478260869565215,1,2,-1,28.0,23.0,5.0,3,7,-4,24,41,-17,2,2,0,23,41,-18,0,0,0
85,Biology,elman network,"As a computational biologist, I want to use Elman networks to model the interactions between different genes and proteins and identify common pathways and mechanisms that are involved in disease processes, so that I can identify potential targets for drug development and other therapeutic interventions.","As a computational biologist, I aim to utilize Elman networks to model the complex interactions between genes and proteins. By doing so, I hope to uncover common pathways and mechanisms that are involved in disease processes. This will enable me to identify potential targets for drug development and other therapeutic interventions, ultimately leading to improved treatments and better health outcomes for patients.",304,416,-112,4,6,-2,253,343,-90,3,6,-3,0,0,0,44,61,-17,45,62,-17,5.777777777777778,5.725806451612903,0.051971326164874654,1,3,-2,45.0,20.666666666666668,24.333333333333332,3,6,-3,41,56,-15,2,2,0,38,53,-15,0,0,0
86,Biology,embedding approach,"As a bioinformatics researcher, I want to use embedding approaches to represent biological molecules and genomic data as continuous vectors, so that I can apply machine learning techniques to analyze and classify these data.","As a bioinformatics researcher, I aim to leverage embedding techniques to transform biological molecules and genomic data into continuous numerical representations. This enables me to apply machine learning algorithms to analyze and categorize these data more effectively. By representing molecular and genomic information as vectors in a high-dimensional space, I can uncover hidden patterns and relationships that would be difficult or impossible to identify using traditional methods alone.",224,493,-269,3,5,-2,185,415,-230,3,6,-3,0,0,0,33,67,-34,34,68,-34,5.617647058823529,6.264705882352941,-0.6470588235294121,1,3,-2,34.0,22.666666666666668,11.333333333333332,3,6,-3,31,63,-32,2,2,0,30,57,-27,0,0,0
87,Biology,empirical risk minimization,"As a machine learning engineer working in drug discovery, I want to use empirical risk minimization to optimize the design of high-throughput drug screening assays, so that I can more efficiently identify potential drug candidates for further testing.","As a machine learning engineer working in drug discovery, I aim to utilize empirical risk minimization to optimize the design of high-throughput drug screening assays. This enables me to streamline the process of identifying potential drug candidates that can be further evaluated, thereby accelerating the drug discovery process and increasing its overall efficiency.",251,368,-117,3,3,0,207,308,-101,4,5,-1,0,0,0,37,52,-15,38,53,-15,5.631578947368421,5.962264150943396,-0.33068520357497455,1,2,-1,38.0,26.5,11.5,4,5,-1,35,50,-15,2,1,1,34,44,-10,0,0,0
88,Biology,encoder-decoder model,"As a computational biologist, I want to use encoder-decoder models to identify the regulatory elements that control gene expression, so that I can better understand the complex interactions that occur within living systems.","As a computational biologist, I aim to leverage encoder-decoder models to pinpoint the regulatory factors that govern gene expression. By doing so, I hope to gain a deeper understanding of the intricate mechanisms that underlie living systems.",223,243,-20,3,4,-1,184,198,-14,4,5,-1,0,0,0,32,36,-4,33,37,-4,5.787878787878788,5.594594594594595,0.19328419328419333,1,2,-1,33.0,18.5,14.5,4,5,-1,30,33,-3,2,2,0,28,31,-3,0,0,0
89,Biology,ensemble learning,"As a bioinformatics researcher, I want to use ensemble learning to integrate multiple omics data sources, such as genomics, transcriptomics, and proteomics, to improve the accuracy of cancer diagnosis and predict drug response.","As a bioinformatics researcher, I aim to leverage the power of ensemble learning to integrate multiple types of omics data (including genomics, transcriptomics, and proteomics) in order to significantly improve the accuracy of cancer diagnosis and predictions regarding drug response. By combining these diverse data sources, I hope to gain a more comprehensive understanding of the underlying biological mechanisms and develop more effective treatment strategies for cancer patients.",227,484,-257,2,4,-2,187,405,-218,6,8,-2,0,0,0,32,67,-35,33,68,-35,5.909090909090909,6.132352941176471,-0.22326203208556183,1,2,-1,33.0,34.0,-1.0,6,8,-2,31,64,-33,1,2,-1,30,53,-23,0,0,0
90,Biology,entity extraction,"As a bioinformatics researcher, I want to use entity extraction to automatically identify key terms in scientific literature, so that I can quickly and accurately identify relevant information for my analysis.","As a bioinformatics researcher, I desire an entity extraction tool that can automatically recognize and categorize important terms in scientific literature. This will enable me to quickly and accurately identify relevant information for my analysis, saving me time and effort in the process. By using entity extraction, I can more efficiently search, analyze, and draw conclusions from large volumes of textual data, ultimately leading to more accurate and insightful results in my research.",209,491,-282,3,5,-2,173,405,-232,3,9,-6,0,0,0,30,72,-42,31,73,-42,5.774193548387097,5.739726027397261,0.03446752098983641,1,3,-2,31.0,24.333333333333332,6.666666666666668,3,9,-6,28,68,-40,2,2,0,28,60,-32,0,0,0
91,Biology,entity linking,"As a biologist, I want to use entity linking to automatically connect information from different sources, such as gene databases and scientific publications, so that I can better understand the relationships between different biological concepts.","As a biologist, I want an entity linking tool to automatically connect and integrate data from various sources, including gene databases and scientific publications, so that I can gain a more comprehensive understanding of the interconnectedness between different biological concepts. By automating this process, I can save time and streamline my research, allowing me to explore new areas of investigation and make more informed decisions.",246,440,-194,3,5,-2,205,364,-159,4,7,-3,0,0,0,34,64,-30,35,65,-30,6.057142857142857,5.7846153846153845,0.27252747252747245,1,2,-1,35.0,32.5,2.5,4,7,-3,32,60,-28,2,3,-1,32,55,-23,0,0,0
92,Biology,evolutionary learning,"As an evolutionary biologist, I want to use evolutionary learning algorithms to simulate the process of natural selection and understand how genetic variation and environmental factors contribute to the evolution of different species.","As an evolutionary biologist, I aim to employ computational models inspired by the principles of evolutionary learning to simulate the natural process of selection and gain insights into how genetic diversity and environmental influences shape the development of distinct species.",234,280,-46,2,2,0,198,237,-39,2,2,0,0,0,0,32,39,-7,33,40,-7,6.121212121212121,6.025,0.09621212121212075,1,1,0,33.0,40.0,-7.0,2,2,0,31,38,-7,1,1,0,27,33,-6,0,0,0
93,Biology,evolutionary robotics,"A group of biologists and engineers is using evolutionary robotics techniques to design and optimize the locomotion of robots inspired by animals. By using a genetic algorithm to iteratively evolve the robot's design and behavior, the team is able to create robots that move more efficiently and effectively in different environments.","A multidisciplinary team of biologists and engineers is leveraging evolutionary robotics techniques to develop and optimize robots modeled after animals. Through a process of iterative evolution using a genetic algorithm, the team is able to refine the design and behavior of the robots to improve their movement efficiency and effectiveness in various environments.",334,366,-32,2,2,0,278,309,-31,4,3,1,0,0,0,50,52,-2,51,53,-2,5.568627450980392,5.9245283018867925,-0.35590085090640056,2,2,0,25.5,26.5,-1.0,4,3,1,49,51,-2,1,1,0,39,40,-1,0,0,0
94,Biology,expectation propagation,"As a bioinformatician, I want to use expectation propagation to analyze complex genomic data and identify the interactions between different genes and proteins, so that I can better understand the underlying biological processes.","As a bioinformatician, I aim to utilize expectation propagation to scrutinize complex genomic data and uncover the intricate relationships between various genes and proteins. By gaining a deeper comprehension of these interactions, I hope to improve my understanding of the underlying biological processes and contribute to the development of novel diagnostic or therapeutic strategies.",229,386,-157,3,4,-1,191,325,-134,3,4,-1,0,0,0,32,53,-21,33,54,-21,5.96969696969697,6.166666666666667,-0.19696969696969724,1,2,-1,33.0,27.0,6.0,3,4,-1,30,50,-20,2,2,0,29,43,-14,0,0,0
95,Biology,explicit semantic analysis,"As a computational biologist, I want to use explicit semantic analysis to automatically identify and compare the meanings of different biological terms, so that I can better understand the relationships between different concepts.","As a computational biologist, I need a tool that can help me systematically analyze and interpret the meanings of various biological terms. By automatically identifying and comparing the meanings of different terms, this tool will enable me to better understand how different concepts are related within the context of biology.",230,327,-97,3,3,0,192,271,-79,3,4,-1,0,0,0,32,49,-17,33,50,-17,6.0,5.56,0.4400000000000004,1,2,-1,33.0,25.0,8.0,3,4,-1,30,47,-17,2,1,1,29,40,-11,0,0,0
96,Biology,extractive summarization,"As a researcher in the field of ecology, I want to use extractive summarization to automatically generate a summary of a long scientific article, so that I can more efficiently read and analyze the article.","As an ecologist, I need a tool that can automatically condense a lengthy scientific article into a concise summary. By doing so, I can quickly grasp the main points of the article and focus my attention on the most critical information without having to spend hours poring over the entire text. This will allow me to be more efficient in my research and stay up-to-date with the latest developments in my field.",206,411,-205,3,5,-2,166,328,-162,3,7,-4,0,0,0,34,71,-37,35,72,-37,4.914285714285715,4.722222222222222,0.19206349206349227,1,3,-2,35.0,24.0,11.0,3,7,-4,32,67,-35,2,2,0,29,58,-29,0,0,0
97,Biology,extreme learning machine,"As a machine learning engineer working in drug discovery, I want to use extreme learning machines to analyze large sets of chemical compounds and identify potential drug candidates based on their molecular properties and biological activity.","As a machine learning professional in the field of drug discovery, I aim to leverage advanced computational methods, such as extreme learning machines, to scrutinize vast collections of chemical compounds and identify promising candidates for potential medications based on their molecular characteristics and biological activity.",241,330,-89,2,2,0,202,280,-78,2,4,-2,0,0,0,35,44,-9,36,45,-9,5.722222222222222,6.355555555555555,-0.6333333333333329,1,1,0,36.0,45.0,-9.0,2,4,-2,34,43,-9,1,1,0,32,41,-9,0,0,0
98,Biology,factor analysis,"As a biologist studying the impact of environmental factors on plant growth, I want to use factor analysis techniques to identify the key factors that influence plant growth and development, so that I can better understand how to optimize plant growth in different conditions.","As a biologist investigating the effects of environmental factors on plant growth, I aim to employ factor analysis techniques to isolate the crucial elements that affect plant development and maturation. By doing so, I hope to gain a deeper understanding of how to enhance plant growth in various settings, thereby improving crop yields and overall ecosystem health.",276,366,-90,3,4,-1,227,301,-74,3,5,-2,0,0,0,43,56,-13,44,57,-13,5.295454545454546,5.43859649122807,-0.14314194577352435,1,2,-1,44.0,28.5,15.5,3,5,-2,41,53,-12,2,2,0,35,47,-12,0,0,0
99,Biology,factorization method,"As a computational biologist, I want to use factorization methods to identify the underlying latent variables that contribute to complex biological processes, so that I can better understand the relationships between different genes and proteins.","As a computational biologist, I desire to apply factorization techniques to uncover the underlying latent variables that drive intricate biological processes. By doing so, I aim to gain a deeper comprehension of how genes and proteins interact and influence each other's behavior. Through this analysis, I hope to identify novel insights into the complex relationships between these molecular actors and how they contribute to overall cellular function.",246,453,-207,3,6,-3,206,374,-168,3,7,-4,0,0,0,34,66,-32,35,67,-32,6.057142857142857,5.776119402985074,0.28102345415778274,1,3,-2,35.0,22.333333333333332,12.666666666666668,3,7,-4,32,61,-29,2,3,-1,30,56,-26,0,0,0
