reshaped_column,origin,total_characters,uppercase_characters,lowercase_characters,special_characters,numbers,blanks,number_of_words,average_length_of_words,number_of_propositions,average_length_of_propositions,punctuation_characters,lowercase_words,uppercase_words,vocabulary_richness,number_of_urls
 A researcher in computational biology is using backpropagation to train a machine learning algorithm to predict the likelihood of different genetic mutations leading to cancer,Original,176,1,150,0,0,25,25,6.04,1,25.0,0,24,1,23,0
"A computational biologist is utilizing backpropagation to train a machine learning model to predict the likelihood of specific genetic mutations leading to cancer. By analyzing vast amounts of genomic data, the model is being trained to identify the underlying genetic factors that contribute to cancer development.",Paraphrased,315,2,265,3,0,45,46,5.869565217391305,2,23.0,3,44,1,36,0
 A computational biologist is using backpropagation to train a machine learning algorithm to predict the likelihood of different genetic mutations leading to cancer by analyzing large sets of genomic data. The algorithm is trained to identify the underlying genetic factors that contribute to cancer development.,LLM,312,2,263,2,0,45,45,5.933333333333334,2,22.5,2,43,1,35,0
" As a computational biologist, I want to use bayesian neural networks to model complex biological systems and predict their behavior under different conditions, so that I can gain a deeper understanding of the underlying mechanisms that govern cellular processes",Original,262,3,218,2,0,39,39,5.717948717948718,1,39.0,2,36,2,35,0
"As a computational biologist, I want to utilize Bayesian neural networks to model complex biological systems and predict their behavior under diverse conditions, so that I can gain a more profound understanding of the underlying mechanisms driving cellular processes.",Paraphrased,267,4,222,3,0,38,39,5.871794871794871,1,39.0,3,35,2,36,0
" As a computational biologist, I want to use Bayesian neural networks to model complex biological systems and predict their behavior under different conditions, so that I can gain a deeper understanding of the underlying mechanisms that govern cellular processes.

Based on the following metrics:

* Diff_total_characters: -5
* Diff_uppercase_characters: -1
* Diff_lowercase_characters: -4
* Diff_special",LLM,404,9,314,28,3,50,55,6.3090909090909095,2,27.5,21,39,2,47,0
" As a microbiologist, I want to use constrained clustering to identify different strains of bacteria based on their genetic profiles, while also accounting for specific environmental factors that may impact their growth and behavior",Original,232,2,194,2,0,34,34,5.823529411764706,1,34.0,2,32,1,32,0
"As a microbiologist, I want to use constrained clustering to group bacterial strains based on their genetic profiles, taking into account potential environmental factors that influence their growth and behavior, so as to gain insights into the relationships between these factors and the different strains.",Paraphrased,306,2,256,4,0,44,45,5.822222222222222,1,45.0,4,43,1,38,0
" As a microbiologist, I want to use constrained clustering to identify different strains of bacteria based on their genetic profiles, while also accounting for specific environmental factors that may impact their growth and behavior.

Based on the following metrics:

* Diff_total_characters: -74
* Diff_uppercase_characters: 0
* Diff_lowercase_characters: -62
* Diff_",LLM,368,7,284,27,5,45,50,6.32,2,25.0,20,36,1,44,0
" As a biologist, I want to use data mining to analyze large datasets of gene expression data, so that I can identify patterns and relationships between genes and biological processes",Original,182,3,147,2,0,30,30,5.066666666666666,1,30.0,2,27,2,27,0
"As a biologist, I want to utilize data mining techniques on vast amounts of gene expression data to uncover hidden patterns and connections between genes and biological functions, so that I can gain a deeper understanding of the underlying biology and make more informed decisions.",Paraphrased,281,3,231,3,0,44,45,5.266666666666667,1,45.0,3,42,2,38,0
" As a biologist, I want to use data mining techniques to analyze large datasets of gene expression data, so that I can identify patterns and relationships between genes and biological processes.",LLM,194,3,157,3,0,31,31,5.258064516129032,1,31.0,3,28,2,28,0
" As a bioinformatics researcher, I want to develop a dialogue system that can communicate with biologists in natural language and provide automated support for tasks such as gene expression analysis, drug discovery, and protein structure prediction",Original,248,2,207,3,0,36,36,5.888888888888889,1,36.0,3,34,1,34,0
"As a bioinformatics researcher, I want to create an AI-powered dialogue system that can converse with scientists in plain language and provide automated assistance for tasks such as gene expression analysis, drug discovery, and protein structure prediction.",Paraphrased,257,4,212,5,0,36,37,5.972972972972973,1,37.0,5,34,1,36,0
" As a bioinformatics researcher, I want to create a conversational AI system that can communicate with biologists in natural language and provide automated support for tasks such as gene expression analysis, drug discovery, and protein structure prediction.",LLM,257,4,212,4,0,37,37,5.945945945945946,1,37.0,4,34,2,35,0
" As a bioinformatics specialist, I want to use discourse relation analysis to understand the flow of information in scientific articles and identify the most relevant information for specific biological questions",Original,212,2,179,1,0,30,30,6.066666666666666,1,30.0,1,28,1,27,0
"As a bioinformatics specialist, I aim to leverage Discourse Relation Analysis (DRA) to comprehend the communication flow within scientific articles and pinpoint the most critical information pertinent to specific biological queries.",Paraphrased,232,8,190,4,0,30,31,6.516129032258065,1,31.0,4,25,2,28,0
" As a bioinformatics specialist, I want to use discourse relation analysis to comprehend the flow of information in scientific articles and identify the most relevant information for addressing specific biological questions.",LLM,224,2,189,2,0,31,31,6.225806451612903,1,31.0,2,29,1,28,0
" As a medical imaging specialist, I want to use elastic matching to register magnetic resonance imaging (MRI) scans of the brain and spinal cord, to improve the accuracy of diagnosis and treatment of neurological disorders such as multiple sclerosis",Original,249,5,201,4,0,39,39,5.384615384615385,1,39.0,4,36,2,32,0
"As a medical imaging specialist, I need an efficient method for registering Magnetic Resonance Imaging (MRI) scans of the brain and spinal cord to improve the accuracy of diagnosis and treatment of neurological disorders such as multiple sclerosis. Elastic matching is a suitable approach for this task, as it allows for non-rigid registration of images while accounting for differences in image intensity values. By using elastic matching, I can accurately align the scans and extract valuable information that would be difficult to obtain through other methods.",Paraphrased,563,11,458,9,0,85,86,5.558139534883721,3,28.666666666666668,9,77,3,71,0
" As a medical imaging specialist, I want to leverage elastic matching to align magnetic resonance imaging (MRI) scans of the brain and spinal cord, improving the accuracy of diagnosis and treatment of neurological disorders such as multiple sclerosis.",LLM,251,5,203,5,0,38,38,5.605263157894737,1,38.0,5,35,2,32,0
" As a bioinformatics researcher, I want to use embedding approaches to represent biological molecules and genomic data as continuous vectors, so that I can apply machine learning techniques to analyze and classify these data",Original,224,3,185,2,0,34,34,5.588235294117647,1,34.0,2,31,2,29,0
"As a bioinformatics researcher, I want to use embedding approaches to represent biological molecules and genomic data as continuous vectors, so that I can apply machine learning techniques to analyze and classify these data.",Paraphrased,224,3,185,3,0,33,34,5.617647058823529,1,34.0,3,31,2,30,0
" As a bioinformatics researcher, I want to leverage embedding techniques to represent biological molecules and genomic data as continuous vectors, enabling me to apply machine learning algorithms to analyze and classify these data.",LLM,231,2,193,3,0,33,33,6.0,1,33.0,3,31,1,29,0
" As a biologist, I want to use entity linking to automatically connect information from different sources, such as gene databases and scientific publications, so that I can better understand the relationships between different biological concepts",Original,246,3,205,3,0,35,35,6.0285714285714285,1,35.0,3,32,2,32,0
"As a biologist, I want to utilize entity linking to automatically connect data from various sources, including gene databases and scientific literature, so that I can better comprehend the interconnections between different biological concepts.",Paraphrased,244,3,204,4,0,33,34,6.205882352941177,1,34.0,4,31,2,32,0
" As a biologist, I want to use entity linking to automatically connect information from different sources, such as gene databases and scientific publications, so that I can better understand the relationships between different biological concepts.

Based on the following metrics:

* diff_total_characters: 2
* diff_uppercase_characters: 0
* diff_lowercase_characters: 1
* diff_special_characters: 0
* diff_",LLM,407,4,320,31,4,48,54,6.5,2,27.0,23,41,2,45,0
" As an evolutionary biologist, I want to use evolutionary learning algorithms to simulate the process of natural selection and understand how genetic variation and environmental factors contribute to the evolution of different species",Original,234,2,198,1,0,33,33,6.090909090909091,1,33.0,1,31,1,27,0
"As an evolutionary biologist, I aim to leverage machine learning techniques akin to those used in natural selection to simulate the evolution of various organisms under different environmental conditions. By analyzing the genetic makeup and environmental influences on these simulated species, I hope to gain insights into how these factors contribute to the emergence of new species.",Paraphrased,384,4,320,4,0,56,57,5.754385964912281,2,28.5,4,53,2,47,0
" As a computational biologist, I want to leverage evolutionary learning algorithms to simulate the process of natural selection and comprehend how genetic variation and environmental factors contribute to the evolution of diverse species.",LLM,238,2,201,2,0,33,33,6.212121212121212,1,33.0,2,31,1,28,0
