Domain,Machine Learning Task,User Story,Paraphrased User Story,original_total_characters,llm_total_characters,diff_total_characters,original_uppercase_characters,llm_uppercase_characters,diff_uppercase_characters,original_lowercase_characters,llm_lowercase_characters,diff_lowercase_characters,original_special_characters,llm_special_characters,diff_special_characters,original_numbers,llm_numbers,diff_numbers,original_blanks,llm_blanks,diff_blanks,original_number_of_words,llm_number_of_words,diff_number_of_words,original_average_length_of_words,llm_average_length_of_words,diff_average_length_of_words,original_number_of_propositions,llm_number_of_propositions,diff_number_of_propositions,original_average_length_of_propositions,llm_average_length_of_propositions,diff_average_length_of_propositions,original_punctuation_characters,llm_punctuation_characters,diff_punctuation_characters,original_lowercase_words,llm_lowercase_words,diff_lowercase_words,original_uppercase_words,llm_uppercase_words,diff_uppercase_words,original_vocabulary_richness,llm_vocabulary_richness,diff_vocabulary_richness,original_number_of_urls,llm_number_of_urls,diff_number_of_urls
Biology,abstractive summarization,"A group of researchers is using abstractive summarization to identify key trends and insights in large sets of biological data, enabling more efficient analysis and interpretation.","A team of scientists leverages automated summarization techniques to quickly identify crucial patterns and insights within extensive biological datasets, streamlining the examination process.",180,191,-11,1,1,0,152,166,-14,2,2,0,0,0,0,25,22,3,26,23,3,5.961538461538462,7.3478260869565215,-1.3862876254180598,1,1,0,26.0,23.0,3.0,2,2,0,25,22,3,1,1,0,24,23,1,0,0,0
Biology,action model learning,"As a molecular biologist, I want to use action model learning to predict the structure of complex biomolecules and design new drugs with higher specificity and efficacy, to develop new treatments for diseases like cancer and Alzheimer's.","As a molecular biologist, I want to use action model learning to predict the structure of complex biomolecules and design new drugs with higher specificity and efficacy, so that I can develop new treatments for diseases like cancer and Alzheimer's.",237,248,-11,3,4,-1,194,201,-7,4,4,0,0,0,0,36,39,-3,37,40,-3,5.4324324324324325,5.225,0.2074324324324328,1,1,0,37.0,40.0,-3.0,4,4,0,34,36,-2,1,2,-1,32,35,-3,0,0,0
Biology,activation function,"As a bioinformatics researcher, I want to use active learning settings to optimize the selection of training data for machine learning models that predict protein-protein interactions, to better understand biological pathways and facilitate drug discovery.","As a bioinformatics researcher, I want to use active learning settings to optimize the selection of training data for machine learning models that predict protein-protein interactions, so that I can better understand biological pathways and facilitate drug discovery.",256,267,-11,2,3,-1,216,223,-7,4,4,0,0,0,0,34,37,-3,35,38,-3,6.3428571428571425,6.052631578947368,0.2902255639097744,1,1,0,35.0,38.0,-3.0,4,4,0,33,35,-2,1,2,-1,32,34,-2,0,0,0
Biology,active learning setting,"As a genomics researcher, I want to use the AdaBoost algorithm to identify genetic variants that are associated with complex diseases like diabetes and heart disease, to improve our understanding of the genetic basis of these diseases and develop personalized treatments.","As a genomics researcher, I want to utilize the AdaBoost algorithm to identify genetic variants that are correlated with intricate diseases such as diabetes and heart disease, in order to enhance our understanding of the genetic basis of these diseases and create personalized treatments.",271,288,-17,4,4,0,224,238,-14,3,3,0,0,0,0,40,43,-3,41,44,-3,5.634146341463414,5.568181818181818,0.06596452328159597,1,1,0,41.0,44.0,-3.0,3,3,0,38,41,-3,1,1,0,34,37,-3,0,0,0
Biology,adaboost,"A researcher in bioinformatics is using an Adaline model to classify different genetic sequences based on their underlying structures. By training the machine learning algorithm on large sets of genomic data, the researcher hopes to identify new patterns and relationships between different genetic markers and their associated traits.","A bioinformatician seeks to classify diverse genetic sequences using an Adaline model, leveraging large datasets to uncover novel patterns and connections between genetic markers and desirable traits.",335,200,135,3,2,1,282,170,112,3,2,1,0,0,0,47,26,21,48,27,21,6.0,6.444444444444445,-0.44444444444444464,2,1,1,24.0,27.0,-3.0,3,2,1,45,25,20,1,1,0,40,24,16,0,0,0
Biology,adaptive resonance theory,"As a cognitive neuroscientist, I want to use adaptive resonance theory to study how the brain processes and integrates information from multiple sensory modalities, to better understand perception and develop new therapies for sensory disorders like blindness and deafness.","As a cognitive neuroscientist, I aim to leverage adaptive resonance theory to investigate how the brain integrates information from various sensory sources, deepening our comprehension of perception and developing novel interventions for sensory impairments like blindness and deafness.",273,286,-13,2,2,0,230,244,-14,3,3,0,0,0,0,38,37,1,39,38,1,6.0256410256410255,6.552631578947368,-0.5269905533063426,1,1,0,39.0,38.0,1.0,3,3,0,37,36,1,1,1,0,34,35,-1,0,0,0
Biology,adversarial learning,"As a biologist studying the behavior of social animals, I want to use adversarial learning techniques to model the dynamics of different social interactions and identify the underlying factors that contribute to group behavior.","As a biologist interested in understanding the complex behaviors of social animals, I aim to leverage adversarial learning methods to create models of various social interactions and pinpoint the key elements driving group dynamics.",227,232,-5,2,2,0,190,195,-5,2,2,0,0,0,0,33,33,0,34,34,0,5.705882352941177,5.852941176470588,-0.14705882352941124,1,1,0,34.0,34.0,0.0,2,2,0,32,32,0,1,1,0,28,30,-2,0,0,0
Biology,adversarial network,"A team of biologists is using an adversarial network to generate realistic 3D models of different biological molecules, such as proteins and enzymes. By training the machine learning algorithm on large sets of structural data, the team hopes to gain new insights into the function and properties of these important biological molecules.","A group of biologists is utilizing an adversarial network to create realistic 3D models of various biological molecules, including proteins and enzymes. By training the machine learning algorithm on large datasets of structural information, the team aims to gain novel insights into the function and properties of these crucial biological molecules.",336,349,-13,3,3,0,277,291,-14,4,4,0,1,1,0,51,50,1,52,51,1,5.480769230769231,5.862745098039215,-0.38197586726998445,2,2,0,26.0,25.5,0.5,4,4,0,49,48,1,2,2,0,43,43,0,0,0,0
Biology,anomaly detection,"As a genomics researcher, I want to use anomaly detection algorithms to identify genetic mutations that are not present in the normal population, to improve disease diagnosis and treatment for patients with rare genetic disorders.","As a genomics researcher, I aim to utilize anomaly detection algorithms to detect genetic mutations that are absent in the general populace, thereby enhancing disease diagnosis and treatment for patients afflicted with rare genetic conditions.",230,243,-13,2,2,0,191,204,-13,3,3,0,0,0,0,34,34,0,35,35,0,5.6,5.9714285714285715,-0.3714285714285719,1,1,0,35.0,35.0,0.0,3,3,0,33,33,0,1,1,0,32,33,-1,0,0,0
Biology,artificial neural network,"As a neuroscientist, I want to use artificial neural networks to model the behavior of different brain regions and study how they communicate and interact with each other.","As a neuroscientist, I aim to leverage artificial neural networks to mimic the behavior of diverse brain areas and investigate their communication patterns and interactions.",171,173,-2,2,2,0,140,145,-5,2,2,0,0,0,0,27,24,3,28,25,3,5.142857142857143,5.96,-0.8171428571428567,1,1,0,28.0,25.0,3.0,2,2,0,26,23,3,1,1,0,26,23,3,0,0,0
Biology,attention mechanism,"As a cognitive psychologist, I want to use attention mechanisms to study how the brain selectively processes and prioritizes sensory information, to better understand cognitive processing and develop new therapies for attentional disorders like ADHD.","As a cognitive psychologist, I want to leverage attention mechanisms to investigate how the brain selectively processes and prioritizes sensory information, in order to gain a deeper understanding of cognitive processing and develop novel therapies for attentional disorders like ADHD.",250,285,-35,6,6,0,207,237,-30,3,3,0,0,0,0,34,39,-5,35,40,-5,6.171428571428572,6.15,0.021428571428571352,1,1,0,35.0,40.0,-5.0,3,3,0,32,37,-5,2,2,0,31,35,-4,0,0,0
Biology,autoencoder,"A team of bioinformaticians is using autoencoders to compress large sets of genomic data into more compact representations, allowing for more efficient analysis and processing of the data.","A group of bioinformaticians utilizes autoencoders to compress large sets of genomic data into more compact representations, enabling faster analysis and processing of the data.",188,177,11,1,1,0,158,150,8,2,2,0,0,0,0,27,24,3,28,25,3,5.75,6.12,-0.3700000000000001,1,1,0,28.0,25.0,3.0,2,2,0,27,24,3,1,1,0,25,23,2,0,0,0
Biology,automated pattern recognition,"As a biologist, I want to use automated pattern recognition techniques to quickly and accurately identify different species of plants and animals based on their physical features, so that I can better understand the biodiversity of natural ecosystems.","As a biologist, I want an automated pattern recognition system to quickly and accurately identify different species of plants and animals based on their physical features, so that I can gain a deeper understanding of the biodiversity of natural ecosystems.",251,256,-5,3,3,0,208,211,-3,3,3,0,0,0,0,37,39,-2,38,40,-2,5.631578947368421,5.425,0.20657894736842142,1,1,0,38.0,40.0,-2.0,3,3,0,35,37,-2,2,2,0,34,35,-1,0,0,0
Biology,automatic summarization,"A group of researchers is using automatic summarization to extract key information from scientific articles and reports, enabling more efficient review and analysis of the literature.","A team of scientists leverages automated summarization techniques to condense crucial details from scholarly writings and documents, streamlining their examination and evaluation of the existing knowledge.",183,205,-22,1,1,0,155,177,-22,2,2,0,0,0,0,25,25,0,26,26,0,6.076923076923077,6.923076923076923,-0.8461538461538467,1,1,0,26.0,26.0,0.0,2,2,0,25,25,0,1,1,0,24,24,0,0,0,0
Biology,backpropagation,"A researcher in computational biology is using backpropagation to train a machine learning algorithm to predict the likelihood of different genetic mutations leading to cancer. By analyzing large sets of genomic data, the algorithm is trained to identify the underlying genetic factors that contribute to cancer development.","A computational biologist is utilizing backpropagation to train a machine learning model to predict the likelihood of specific genetic mutations leading to cancer. By analyzing vast amounts of genomic data, the model is being trained to identify the underlying genetic factors that contribute to cancer development.",324,315,9,2,2,0,273,265,8,3,3,0,0,0,0,46,45,1,47,46,1,5.914893617021277,5.869565217391305,0.04532839962997226,2,2,0,23.5,23.0,0.5,3,3,0,45,44,1,1,1,0,37,36,1,0,0,0
Biology,bag of words,"A team is using bag of words models to analyze DNA sequences, aiding in the identification of regulatory regions and the development of new genetic therapies.",The team is utilizing bag-of-words models to analyze DNA sequences for identifying regulatory regions and creating novel genetic treatments.,158,140,18,4,4,0,127,115,12,2,3,-1,0,0,0,25,18,7,26,19,7,5.115384615384615,6.421052631578948,-1.3056680161943328,1,1,0,26.0,19.0,7.0,2,3,-1,24,17,7,2,1,1,23,19,4,0,0,0
Biology,bagging,"As a bioinformatics analyst, I want to use bagging to improve the accuracy of my predictive model for identifying genetic variants associated with drug response, to facilitate precision medicine and improve patient outcomes.","As a bioinformatics analyst, I desire to utilize bagging to enhance the accuracy of my predictive model for identifying genetic variants associated with drug response, thereby facilitating precision medicine and improving patient outcomes.",224,239,-15,2,2,0,187,202,-15,3,3,0,0,0,0,32,32,0,33,33,0,5.818181818181818,6.2727272727272725,-0.45454545454545414,1,1,0,33.0,33.0,0.0,3,3,0,31,31,0,1,1,0,30,32,-2,0,0,0
Biology,batch learning,"As a machine learning engineer, I want to use batch learning to train deep neural networks that can accurately predict protein folding and improve our understanding of protein structure and function.","As an AI researcher, I need a system that enables me to train deep neural networks in bulk, advancing my comprehension of protein structure and function through accurate folding predictions.",199,190,9,2,4,-2,165,154,11,2,3,-1,0,0,0,30,29,1,31,30,1,5.451612903225806,5.366666666666666,0.0849462365591398,1,1,0,31.0,30.0,1.0,2,3,-1,29,27,2,1,2,-1,27,30,-3,0,0,0
Biology,bayesian learning,"As a computational biologist, I want to use Bayesian learning techniques to model the behavior of different biological systems and study how they respond to different stimuli and environmental factors.","As a computational biologist, I aim to utilize Bayesian learning methods to model various biological processes and investigate their reactions to diverse stimuli and environmental influences.",201,191,10,3,3,0,167,161,6,2,2,0,0,0,0,29,25,4,30,26,4,5.733333333333333,6.384615384615385,-0.6512820512820516,1,1,0,30.0,26.0,4.0,2,2,0,27,23,4,1,1,0,26,23,3,0,0,0
Biology,bayesian network model,"A team of biologists is using a Bayesian network model to identify the underlying factors that contribute to disease susceptibility in different populations. By analyzing large sets of genomic and clinical data, the model is trained to identify genetic and environmental risk factors that contribute to disease development.","A team of biologists utilizes a Bayesian network model to identify underlying factors contributing to disease susceptibility in diverse populations. By analyzing massive sets of genomic and clinical data, the model is trained to recognize genetic and environmental risk factors that contribute to disease progression.",323,317,6,3,3,0,270,267,3,3,3,0,0,0,0,47,44,3,48,45,3,5.75,6.066666666666666,-0.31666666666666643,2,2,0,24.0,22.5,1.5,3,3,0,45,42,3,1,1,0,35,37,-2,0,0,0
Biology,bayesian neural network,"As a computational biologist, I want to use bayesian neural networks to model complex biological systems and predict their behavior under different conditions, so that I can gain a deeper understanding of the underlying mechanisms that govern cellular processes.","As a computational biologist, I want to utilize Bayesian neural networks to model complex biological systems and predict their behavior under diverse conditions, so that I can gain a more profound understanding of the underlying mechanisms driving cellular processes.",262,267,-5,3,4,-1,218,222,-4,3,3,0,0,0,0,38,38,0,39,39,0,5.743589743589744,5.871794871794871,-0.12820512820512775,1,1,0,39.0,39.0,0.0,3,3,0,36,35,1,2,2,0,35,36,-1,0,0,0
Biology,bidirectional long short-term memory,"As a bioinformatics researcher, I want to use bi-directional long short-term memory networks to analyze large sets of genomic data and identify patterns of gene expression over time, so that I can better understand the regulatory mechanisms that control cell function.","As a bioinformatics researcher, I want to leverage bi-directional long short-term memory networks to analyze vast amounts of genomic data and uncover patterns of gene expression over time, so that I can gain a deeper understanding of the complex regulatory mechanisms governing cellular function.",268,296,-28,3,3,0,220,245,-25,5,5,0,0,0,0,40,43,-3,41,44,-3,5.560975609756097,5.75,-0.18902439024390283,1,1,0,41.0,44.0,-3.0,5,5,0,38,41,-3,2,2,0,37,39,-2,0,0,0
Biology,bidirectional long short-term memory,"As a bioinformatics researcher, I want to use bidirectional long short-term memory (BiLSTM) networks to accurately predict protein structures based on their amino acid sequences. By training the BiLSTM network on a large dataset of protein sequences and their corresponding structures, I can leverage the network's ability to capture both forward and backward context to make more accurate predictions about the 3D structure of proteins. This will help me better understand the function of these proteins and potentially lead to the discovery of new drug targets","As a bioinformatics researcher, I want to use bidirectional long short-term memory (BiLSTM) networks to accurately predict protein structures based on their amino acid sequences by training the BiLSTM network on a large dataset of protein sequences and their corresponding structures, leveraging the network's ability to capture both forward and backward context to make more accurate predictions about the 3D structure of proteins, which will help me better understand the function of these proteins and potentially lead to the discovery of new drug targets.",562,559,3,16,13,3,452,454,-2,8,8,0,1,1,0,85,83,2,86,84,2,5.546511627906977,5.666666666666667,-0.12015503875969014,3,1,2,28.666666666666668,84.0,-55.33333333333333,8,8,0,78,79,-1,3,2,1,68,66,2,0,0,0
Biology,bidirectional recurrent neural network,"As a bioinformatician, I want to use bidirectional recurrent neural networks to model the dynamic behavior of biological systems and predict their response to different stimuli, so that I can develop new therapeutic strategies for disease treatment.","As a bioinformatician, I want to utilize bidirectional recurrent neural networks to model the complex behavior of biological systems and predict their responses to various stimuli, so that I can create innovative therapeutic approaches for disease treatment.",249,258,-9,3,3,0,207,216,-9,3,3,0,0,0,0,36,36,0,37,37,0,5.756756756756757,6.0,-0.24324324324324298,1,1,0,37.0,37.0,0.0,3,3,0,34,34,0,2,2,0,34,34,0,0,0,0
Biology,bigram,"Researchers are using bigram models to analyze patterns of antibiotic resistance in bacterial populations, facilitating the development of new treatments and interventions.","Researchers leverage bogram models to identify patterns of antibiotic resistance in bacterial populations, paving the way for innovative therapies and interventions.",172,165,7,1,1,0,148,142,6,2,2,0,0,0,0,21,20,1,22,21,1,6.863636363636363,6.904761904761905,-0.04112554112554179,1,1,0,22.0,21.0,1.0,2,2,0,21,20,1,0,0,0,21,21,0,0,0,0
Biology,bilstm,"As a computational biologist, I want to use bidirectional long short-term memory (bilstm) models to analyze large sets of genomic data and predict the expression levels of different genes in response to different stimuli, so that I can better understand the underlying regulatory mechanisms that control cell function. By training bilstm models on gene expression data and integrating other relevant genomic features, such as chromatin accessibility and DNA methylation, I can identify key gene regulatory networks and pathways that are involved in specific biological processes. T","As a computational biologist, I want to utilize bidirectional long short-term memory (bilstm) models to analyze vast amounts of genomic data and predict the expression levels of diverse genes in response to various stimuli, so that I can gain a deeper understanding of the underlying regulatory mechanisms that govern cell function. By training bilstm models on gene expression data and incorporating other relevant genomic features, such as chromatin accessibility and DNA methylation, I can uncover crucial gene regulatory networks and pathways involved in specific biological processes. This knowledge will enable me to better understand the complex interactions between genes, their regulatory elements, and the cellular environment, ultimately leading to new insights and discoveries in the field of computational biology.",581,827,-246,9,9,0,478,687,-209,9,13,-4,0,0,0,85,118,-33,86,119,-33,5.767441860465116,5.957983193277311,-0.1905413328121952,3,3,0,28.666666666666668,39.666666666666664,-10.999999999999996,9,13,-4,79,112,-33,5,4,1,66,88,-22,0,0,0
Biology,binary classification,"As a bioinformatics researcher, I want to use binary classification algorithms to predict the presence or absence of specific genetic mutations that are associated with different diseases, so that I can develop personalized treatments and interventions.","As a bioinformatics researcher, I want to use binary classification algorithms to predict the presence or absence of specific genetic mutations associated with different diseases, so that I can develop personalized treatments and interventions.",253,244,9,3,3,0,212,205,7,3,3,0,0,0,0,35,33,2,36,34,2,6.055555555555555,6.205882352941177,-0.15032679738562127,1,1,0,36.0,34.0,2.0,3,3,0,33,31,2,2,2,0,33,32,1,0,0,0
Biology,boosting method,"As a computational biologist, I want to use boosting methods to predict protein-protein interactions and identify new drug targets, to develop new treatments for diseases like cancer and Alzheimer's.","As a computational biologist, I want to leverage boosting techniques to forecast protein-protein interactions and discover novel drug targets, with the goal of creating new treatments for diseases such as cancer and Alzheimer's.",199,228,-29,3,3,0,163,188,-25,5,5,0,0,0,0,28,32,-4,29,33,-4,5.896551724137931,5.9393939393939394,-0.04284221525600884,1,1,0,29.0,33.0,-4.0,5,5,0,26,30,-4,1,1,0,25,31,-6,0,0,0
Biology,bootstrap aggregating,"As a genomics researcher, I want to use bootstrap aggregating to improve the accuracy of my predictive model for identifying genetic variants associated with disease, to facilitate precision medicine and improve patient outcomes.","As a genomics researcher, I aim to leverage bootstrapping techniques to enhance the accuracy of my predictive model for identifying genetic variants related to disease, ultimately contributing to precision medicine and better patient outcomes.",229,243,-14,2,2,0,192,205,-13,3,3,0,0,0,0,32,33,-1,33,34,-1,5.96969696969697,6.176470588235294,-0.20677361853832465,1,1,0,33.0,34.0,-1.0,3,3,0,31,32,-1,1,1,0,30,31,-1,0,0,0
Biology,c4.5 algorithm,"As a bioinformatics researcher, I want to use the c4.5 algorithm to analyze large sets of genetic data and identify the genes and proteins that are most strongly associated with specific diseases, so that I can develop personalized treatments and interventions.","As a bioinformatics researcher, I want to use the c4.5 algorithm to analyze large sets of genetic data in order to identify the most strongly associated genes and proteins with specific diseases, so that I can develop personalized treatments and interventions.",261,260,1,3,3,0,212,211,1,4,4,0,2,2,0,40,40,0,41,41,0,5.390243902439025,5.365853658536586,0.024390243902439046,2,2,0,21.0,21.0,0.0,4,4,0,38,38,0,2,2,0,35,36,-1,0,0,0
Biology,canonical correlation analysis,"As a cancer biologist, I want to use canonical correlation analysis to understand the relationship between gene expression levels and clinical outcomes in cancer patients, to develop personalized treatment plans and improve patient outcomes.","As a cancer biologist, I aim to leverage canonical correlation analysis to explore the connection between gene expression profiles and clinical outcomes in cancer patients. By gaining insights into these relationships, I hope to create personalized treatment plans tailored to individual patients' needs, ultimately leading to improved patient outcomes.",241,353,-112,2,4,-2,203,295,-92,3,6,-3,0,0,0,33,48,-15,34,49,-15,6.117647058823529,6.224489795918367,-0.10684273709483794,1,2,-1,34.0,24.5,9.5,3,6,-3,32,45,-13,1,2,-1,30,43,-13,0,0,0
Biology,case-based reasoning,"A team of bioinformatics researchers are using case-based reasoning methods to identify new targets for drug development based on the molecular characteristics of existing drugs, in order to accelerate the drug discovery process.","A group of bioinformaticians are utilizing case-based reasoning techniques to find novel drug targets by analyzing the molecular properties of already approved drugs, with the goal of expediting the drug development process.",229,224,5,1,1,0,193,189,4,3,3,0,0,0,0,32,31,1,33,32,1,5.96969696969697,6.03125,-0.061553030303030276,1,1,0,33.0,32.0,1.0,3,3,0,32,31,1,1,1,0,29,27,2,0,0,0
Biology,chaid,"As a biologist, I want to use the CHAID algorithm to analyze complex genomic datasets and identify the relationships between different genes and proteins, so that I can better understand the underlying biological processes.","As a biologist, I want to utilize the CHAID algorithm to analyze intricate genomic datasets and identify the connections between various genes and proteins, so that I can gain a deeper understanding of the underlying biological processes.",223,238,-15,8,8,0,179,191,-12,3,3,0,0,0,0,33,36,-3,34,37,-3,5.588235294117647,5.45945945945946,0.1287758346581871,1,1,0,34.0,37.0,-3.0,3,3,0,30,33,-3,3,3,0,29,31,-2,0,0,0
Biology,chatbot,"A group of biologists is using a chatbot to interact with citizen scientists, enabling the collection of data on rare and elusive species and improving conservation efforts.","A team of biologists leverages a chatbot to collaborate with citizen scientists in collecting valuable data on hard-to-track species, ultimately contributing to enhanced conservation initiatives.",173,195,-22,1,1,0,144,166,-22,2,4,-2,0,0,0,26,24,2,27,25,2,5.444444444444445,6.84,-1.3955555555555552,1,1,0,27.0,25.0,2.0,2,4,-2,26,24,2,1,1,0,25,24,1,0,0,0
Biology,classification algorithms,"As a bioinformatics researcher, I want to use different classification algorithms to analyze large genomic datasets and identify the genes and proteins that are most strongly associated with specific diseases, so that I can develop personalized treatments and interventions.","As a bioinformatics researcher, I want to utilize various classification algorithms to analyze large genomic datasets and identify the genes and proteins that are most significantly associated with specific diseases, so that I can create personalized treatments and interventions.",274,280,-6,3,3,0,230,236,-6,3,3,0,0,0,0,38,38,0,39,39,0,6.051282051282051,6.205128205128205,-0.1538461538461542,1,1,0,39.0,39.0,0.0,3,3,0,36,36,0,2,2,0,34,34,0,0,0,0
Biology,classification and regression tree,"As a computational biologist, I want to use classification and regression trees to analyze large sets of genomic data and identify the genes and proteins that are most strongly associated with specific diseases, so that I can develop targeted treatments and interventions.","As a computational biologist, I want to use classification and regression trees to analyze large sets of genomic data and identify the genes and proteins that are most strongly associated with specific diseases, so that I can develop targeted treatments and interventions.",272,272,0,3,3,0,225,225,0,3,3,0,0,0,0,41,41,0,42,42,0,5.5,5.5,0.0,1,1,0,42.0,42.0,0.0,3,3,0,39,39,0,2,2,0,36,36,0,0,0,0
Biology,classification method,"As a bioinformatics researcher, I want to compare different classification methods to identify the most accurate and reliable approach for predicting the presence or absence of specific genetic mutations that are associated with different diseases.","As a bioinformatics researcher, I need an efficient method to compare various classification algorithms to determine the most accurate and reliable approach for predicting the presence or absence of specific genetic mutations associated with different diseases.",248,261,-13,2,2,0,210,222,-12,2,2,0,0,0,0,34,35,-1,35,36,-1,6.114285714285714,6.277777777777778,-0.1634920634920638,1,1,0,35.0,36.0,-1.0,2,2,0,33,34,-1,1,1,0,32,34,-2,0,0,0
Biology,classifier,"As a computational biologist, I want to use classifiers to analyze large sets of genomic data and identify the genes and proteins that are most strongly associated with specific diseases, so that I can develop targeted treatments and interventions.","As a computational biologist, I want to use machine learning algorithms to analyze large datasets of genomic information and identify the genes or proteins most strongly associated with specific diseases, so that I can create tailored treatments and interventions.",248,264,-16,3,3,0,204,220,-16,3,3,0,0,0,0,38,38,0,39,39,0,5.384615384615385,5.794871794871795,-0.4102564102564097,1,1,0,39.0,39.0,0.0,3,3,0,36,36,0,2,2,0,34,36,-2,0,0,0
Biology,classifier chain,"As a biologist, I want to use a classifier chain to analyze complex genetic datasets and identify the relationships between different genes and proteins, so that I can better understand the underlying biological processes.","As a biologist, I want to utilize a classifier chain to analyze intricate genomic data sets and recognize connections between diverse genes and proteins, allowing me to comprehend the underlying biological procedures more profoundly.",222,233,-11,3,2,1,183,195,-12,3,3,0,0,0,0,33,33,0,34,34,0,5.5588235294117645,5.882352941176471,-0.3235294117647065,1,1,0,34.0,34.0,0.0,3,3,0,31,32,-1,2,1,1,29,30,-1,0,0,0
Biology,cluster analysis,"As a molecular biologist, I want to use cluster analysis techniques to identify groups of proteins that are functionally related, so that I can better understand the complex interactions that occur within living systems.","As a molecular biologist, I want to use clustering analysis techniques to group functionally related proteins together, allowing me to gain a deeper understanding of the intricate interactions within living systems.",220,215,5,3,2,1,181,180,1,3,3,0,0,0,0,33,30,3,34,31,3,5.5,5.967741935483871,-0.467741935483871,1,1,0,34.0,31.0,3.0,3,3,0,31,29,2,2,1,1,30,28,2,0,0,0
Biology,cnn,"As a bioinformatics researcher, I want to use convolutional neural networks to analyze large sets of imaging data and identify patterns of cell behavior that are associated with specific biological processes, so that I can develop new diagnostic and therapeutic strategies for disease treatmen","As a bioinformatics researcher, I want to utilize convolutional neural networks to analyze vast sets of imaging data and identify patterns of cell behavior that are correlated with specific biological processes, so that I can create novel diagnostic and therapeutic strategies for disease treatment.",293,299,-6,3,3,0,245,250,-5,2,3,-1,0,0,0,43,43,0,44,44,0,5.681818181818182,5.818181818181818,-0.1363636363636367,1,1,0,44.0,44.0,0.0,2,3,-1,41,41,0,2,2,0,39,39,0,0,0,0
Biology,co-training,"As a bioinformatics researcher, I want to use co-training techniques to improve the accuracy and reliability of machine learning models for predicting the presence or absence of specific genetic mutations that are associated with different diseases.","As a bioinformatics researcher, I aim to leverage co-training techniques to enhance the accuracy and reliability of machine learning models for predicting the presence or absence of specific genetic mutations linked to various diseases.",249,236,13,2,2,0,209,198,11,3,3,0,0,0,0,35,33,2,36,34,2,5.944444444444445,5.970588235294118,-0.02614379084967311,1,1,0,36.0,34.0,2.0,3,3,0,34,32,2,1,1,0,33,30,3,0,0,0
Biology,competitive learning,"As a neuroscientist, I want to use competitive learning to study how neurons in the brain compete to process sensory information and learn new skills, to better understand brain plasticity and develop new therapies for neurological disorders.","As a neuroscientist, I want to utilize competitive learning to investigate how neurons in the brain compete to process sensory information and acquire new skills, with the goal of enhancing our understanding of brain plasticity and creating novel treatments for neurological disorders.",242,285,-43,2,2,0,201,239,-38,3,3,0,0,0,0,36,41,-5,37,42,-5,5.5675675675675675,5.809523809523809,-0.24195624195624177,1,1,0,37.0,42.0,-5.0,3,3,0,35,40,-5,1,1,0,31,36,-5,0,0,0
Biology,computational argumentation,"As a biologist, I want to use computational argumentation to identify and evaluate different hypotheses for a complex biological process, such as the molecular mechanisms behind a disease.","As a biologist, I want to leverage computational argumentation to identify and assess various hypotheses regarding a complicated biological process, including the molecular mechanisms underlying a disease, using computational methods to aid in my reasoning and decision-making.",188,277,-89,2,2,0,156,234,-78,3,5,-2,0,0,0,27,36,-9,28,37,-9,5.75,6.513513513513513,-0.7635135135135132,1,1,0,28.0,37.0,-9.0,3,5,-2,26,35,-9,1,1,0,25,31,-6,0,0,0
Biology,computational linguistics,"As a bioinformatics specialist, I want to apply computational linguistics techniques to extract relevant information from biomedical literature and build knowledge graphs to facilitate knowledge discovery and hypothesis generation.","As a bioinformatics specialist, I aim to leverage computational linguistics methods to extract valuable insights from biomedical texts and construct knowledge graphs to promote knowledge exploration and hypothesis creation.",231,223,8,2,2,0,199,191,8,2,2,0,0,0,0,28,28,0,29,29,0,7.0,6.724137931034483,0.2758620689655169,1,1,0,29.0,29.0,0.0,2,2,0,27,27,0,1,1,0,25,25,0,0,0,0
Biology,computational semantics,"As a computational biologist, I want to develop computational semantic models to represent the meaning of biological concepts and entities, and use them to improve automated text mining and information retrieval from biomedical databases.","As a computational biologist, I aim to create computational models that convey the semantic meanings of biological concepts and entities, enabling more accurate automated text mining and information retrieval from biomedical datasets.",238,234,4,2,2,0,200,198,2,3,3,0,0,0,0,33,31,2,34,32,2,6.029411764705882,6.34375,-0.31433823529411775,1,1,0,34.0,32.0,2.0,3,3,0,32,30,2,1,1,0,29,30,-1,0,0,0
Biology,concept drift,"As a bioinformatics analyst, I want to use concept drift detection algorithms to monitor changes in bacterial communities over time, to study the impact of environmental factors such as pollution and climate change on microbial ecosystems.","As a bioinformatics analyst, I want to utilize concept drift detection algorithms to monitor shifts in bacterial communities over time, examining the influence of environmental factors such as pollution and climate change on microbial ecosystems.",239,246,-7,2,2,0,199,207,-8,3,3,0,0,0,0,35,34,1,36,35,1,5.666666666666667,6.057142857142857,-0.39047619047619,1,1,0,36.0,35.0,1.0,3,3,0,34,33,1,1,1,0,34,34,0,0,0,0
Biology,conceptual clustering,"As a biologist, I want to use conceptual clustering to identify different groups of organisms based on their morphological and genetic characteristics, so that I can better understand the evolution and diversity of life on Earth.","As a biologist, I aim to group organisms based on their physical traits and DNA, enabling me to comprehend the evolution and variety of life on Earth.",229,150,79,4,6,-2,187,115,72,3,3,0,0,0,0,35,26,9,36,27,9,5.388888888888889,4.592592592592593,0.7962962962962967,1,1,0,36.0,27.0,9.0,3,3,0,32,23,9,2,2,0,31,24,7,0,0,0
Biology,conditional gans,"As a computational biologist, I want to use conditional GANs to generate realistic images of different organisms based on their genetic profiles, so that I can create accurate and comprehensive visual representations of different species and their characteristics.","As a computational biologist, I want to leverage the power of conditional GANs to generate photorealistic images of various organisms based on their genetic profiles. This will enable me to create visually striking and accurate representations of different species and their distinct characteristics, ultimately advancing our understanding of the natural world.",264,361,-97,6,6,0,218,301,-83,3,4,-1,0,0,0,37,50,-13,38,51,-13,5.973684210526316,6.098039215686274,-0.12435500515995823,1,2,-1,38.0,25.5,12.5,3,4,-1,34,47,-13,2,1,1,32,43,-11,0,0,0
Biology,conditional random field,"A team of bioinformaticians is using a conditional random field model to identify potential protein-protein interactions from large sets of genomic data. By incorporating contextual information and dependencies between different features, the team is able to more accurately predict protein interactions and gain insights into complex biological systems.","A group of bioinformaticians utilizes a conditional random field model to identify potential protein-protein interactions by leveraging contextual information and dependencies between various features, thus improving the accuracy of predictions and providing valuable insights into complex biological systems.",354,309,45,2,1,1,301,268,33,4,3,1,0,0,0,47,37,10,48,38,10,6.395833333333333,7.157894736842105,-0.7620614035087723,2,1,1,24.0,38.0,-14.0,4,3,1,46,37,9,1,1,0,42,36,6,0,0,0
Biology,consensus clustering,"As a bioinformatician, I want to use consensus clustering to identify different subtypes of cancer based on their gene expression patterns, so that I can improve diagnosis and treatment options for patients.","As a bioinformatician, I need a Consensus Clustering algorithm to group similar gene expression profiles into distinct subtypes of cancer, allowing me to enhance diagnostic and therapeutic strategies for patients.",207,213,-6,3,4,-1,170,177,-7,3,3,0,0,0,0,31,29,2,32,30,2,5.5,6.133333333333334,-0.6333333333333337,1,1,0,32.0,30.0,2.0,3,3,0,29,26,3,2,1,1,30,28,2,0,0,0
Biology,constrained clustering,"As a microbiologist, I want to use constrained clustering to identify different strains of bacteria based on their genetic profiles, while also accounting for specific environmental factors that may impact their growth and behavior.","As a microbiologist, I want to use constrained clustering to group bacterial strains based on their genetic profiles, taking into account potential environmental factors that influence their growth and behavior, so as to gain insights into the relationships between these factors and the different strains.",232,306,-74,2,2,0,194,256,-62,3,4,-1,0,0,0,33,44,-11,34,45,-11,5.852941176470588,5.822222222222222,0.030718954248365904,1,1,0,34.0,45.0,-11.0,3,4,-1,32,43,-11,1,1,0,32,38,-6,0,0,0
Biology,controlled natural language,"As a bioinformatician, I want to use controlled natural language to standardize the representation of biological data and enable automated reasoning and inference over large knowledge bases.","As a bioinformatician, I aim to utilize structured natural language to standardize the presentation of biological data, facilitating automatic reasoning and inference across expansive knowledge bases.",190,200,-10,2,2,0,160,170,-10,2,3,-1,0,0,0,26,25,1,27,26,1,6.074074074074074,6.730769230769231,-0.6566951566951564,1,1,0,27.0,26.0,1.0,2,3,-1,25,24,1,1,1,0,25,25,0,0,0,0
Biology,conversational agent,"As a clinical researcher, I want to develop a conversational agent that uses machine learning to interact with patients and collect data on their health status, lifestyle, and environmental factors to identify potential risk factors for diseases.","As a clinical researcher, I aim to create an AI-powered conversational agent that can engage with patients and gather data on their health, lifestyle, and environmental factors to recognize potential risk factors for diseases. The developed model will utilize machine learning algorithms to analyze the collected data and provide insights for further investigation.",246,365,-119,2,5,-3,204,302,-98,4,6,-2,0,0,0,36,52,-16,37,53,-16,5.675675675675675,5.90566037735849,-0.22998470168281493,1,2,-1,37.0,26.5,10.5,4,6,-2,35,49,-14,1,1,0,32,46,-14,0,0,0
Biology,conversational understanding,"As a biologist, I want to use conversational understanding techniques to build intelligent assistants that can answer complex questions about biological systems and processes, such as the impact of gene expression on cellular functions.","As a biologist, I aim to leverage conversational AI to create smart assistants capable of responding to intricate queries regarding biological processes and systems, including the effect of gene expression on cellular functions.",236,228,8,2,4,-2,198,189,9,3,3,0,0,0,0,33,32,1,34,33,1,5.970588235294118,5.9393939393939394,0.031194295900178304,1,1,0,34.0,33.0,1.0,3,3,0,32,30,2,1,2,-1,33,30,3,0,0,0
Biology,convolutional neural network,"As a biotechnology researcher, I want to use convolutional neural networks to predict the structure and function of different proteins based on their amino acid sequences, so that I can identify potential targets for drug development and other therapeutic interventions.","As a biotechnology researcher, I desire using convolutional neural networks to predict the structure and function of diverse proteins based on their amino acid sequences, allowing me to identify potential drug development targets and other therapeutic interventions.",270,266,4,3,2,1,225,225,0,3,3,0,0,0,0,39,36,3,40,37,3,5.775,6.216216216216216,-0.44121621621621543,1,1,0,40.0,37.0,3.0,3,3,0,37,35,2,2,1,1,37,35,2,0,0,0
Biology,cost-sensitive learning,"As a bioinformatics researcher, I want to use cost-sensitive learning techniques to optimize classification models for imbalanced datasets, so that I can improve the accuracy and reliability of disease diagnosis and other biomedical applications.","As a bioinformatics researcher, I want to utilize cost-sensitive learning techniques to optimize classification models for imbalanced datasets, so that I can enhance the accuracy and reliability of disease diagnosis and other biomedical applications.",246,250,-4,3,3,0,206,210,-4,4,4,0,0,0,0,33,33,0,34,34,0,6.264705882352941,6.382352941176471,-0.11764705882352988,1,1,0,34.0,34.0,0.0,4,4,0,31,31,0,2,2,0,31,31,0,0,0,0
Biology,cross-language information retrieval,"As a bioinformatics specialist, I want to use cross-language information retrieval to extract relevant information from scientific literature written in different languages and build comprehensive knowledge repositories for global biomedical research.","As a bioinformatics specialist, I desire utilizing cross-lingual information retrieval to extract pertinent data from scientific literature penned in various tongues and construct extensive awareness repositories for global biomedical research.",251,244,7,2,2,0,216,210,6,3,3,0,0,0,0,30,29,1,31,30,1,7.129032258064516,7.166666666666667,-0.03763440860215095,1,1,0,31.0,30.0,1.0,3,3,0,29,28,1,1,1,0,29,30,-1,0,0,0
Biology,cross-validation,"As a bioinformatics analyst, I want to use cross-validation techniques to evaluate the performance of my machine learning algorithm for predicting protein-ligand binding affinity, to improve the accuracy of virtual drug screening and lead optimization.","As a bioinformatics analyst, I want to utilize cross-validation techniques to assess the performance of my machine learning algorithm for predicting protein-ligand binding affinity, in order to enhance the accuracy of virtual drug screening and lead optimization.",252,263,-11,2,2,0,211,220,-9,5,5,0,0,0,0,34,36,-2,35,37,-2,6.228571428571429,6.135135135135135,0.09343629343629356,1,1,0,35.0,37.0,-2.0,5,5,0,33,35,-2,1,1,0,31,33,-2,0,0,0
Biology,data augmentation,"As a bioinformatician, I want to use data augmentation techniques to increase the size of my genomic datasets and improve the accuracy of my analyses, so that I can identify new targets for drug development and other therapeutic interventions.","As a bioinformatician, I want to leverage data augmentation techniques to expand my genomic datasets and enhance the accuracy of my analyses, so that I can discover novel targets for drug development and other therapeutic interventions.",243,236,7,3,3,0,199,195,4,3,3,0,0,0,0,38,35,3,39,36,3,5.256410256410256,5.583333333333333,-0.32692307692307665,1,1,0,39.0,36.0,3.0,3,3,0,36,33,3,2,2,0,33,32,1,0,0,0
Biology,data mining,"As a biologist, I want to use data mining to analyze large datasets of gene expression data, so that I can identify patterns and relationships between genes and biological processes.","As a biologist, I want to utilize data mining techniques on vast amounts of gene expression data to uncover hidden patterns and connections between genes and biological functions, so that I can gain a deeper understanding of the underlying biology and make more informed decisions.",182,281,-99,3,3,0,147,231,-84,3,3,0,0,0,0,29,44,-15,30,45,-15,5.1,5.266666666666667,-0.16666666666666696,1,1,0,30.0,45.0,-15.0,3,3,0,27,42,-15,2,2,0,27,38,-11,0,0,0
Biology,data pre-processing,"As a researcher in genetics, I want to use data pre-processing techniques to remove noise and artifacts from my genomic data and improve the accuracy of my analyses, so that I can better understand the underlying genetic mechanisms that drive cell function.","As a researcher in genetics, I aim to apply data pre-processing techniques to remove noise and artifacts from my genomic data, enhancing the accuracy of my analyses, and thereby gaining deeper insights into the underlying genetic mechanisms that govern cell function.",257,267,-10,3,2,1,209,220,-11,4,5,-1,0,0,0,41,40,1,42,41,1,5.142857142857143,5.536585365853658,-0.3937282229965149,1,1,0,42.0,41.0,1.0,4,5,-1,39,39,0,2,1,1,35,37,-2,0,0,0
Biology,decision boundary,"As a bioinformatics researcher, I want to use decision boundary algorithms to classify different types of cells based on their gene expression profiles, so that I can better understand the underlying biological mechanisms and identify potential targets for drug development.","As a bioinformatics researcher, I want to utilize decision boundary algorithms to categorize various cell types based on their gene expression profiles in order to gain a deeper understanding of the underlying biological processes and discover potential therapeutic targets.",274,274,0,3,2,1,229,232,-3,3,2,1,0,0,0,39,38,1,40,39,1,5.875,6.051282051282051,-0.1762820512820511,1,1,0,40.0,39.0,1.0,3,2,1,37,37,0,2,1,1,38,36,2,0,0,0
Biology,decision tree,"As a computational biologist, I want to use decision tree algorithms to identify the most important genes and pathways involved in a particular disease, so that I can develop targeted treatments and therapies.","As a computational biologist, I want to employ decision tree algorithms to identify the most critical genes and pathways associated with a specific disease, so I can design tailored remedies and treatments.",209,206,3,3,3,0,171,169,2,3,3,0,0,0,0,32,31,1,33,32,1,5.363636363636363,5.46875,-0.10511363636363669,1,1,0,33.0,32.0,1.0,3,3,0,30,29,1,2,2,0,29,28,1,0,0,0
Biology,deep autoencoder,"As a computational biologist, I want to use deep autoencoders to compress and represent large sets of genomic data, so that I can identify hidden patterns and relationships that would be difficult to detect using other methods.","As a computational biologist, I want to leverage deep autoencoders for compact representation and discovery of hidden patterns in large genomic datasets, enabling me to uncover relationships that might be challenging to identify through other methods.",227,251,-24,3,2,1,185,211,-26,3,3,0,0,0,0,36,35,1,37,36,1,5.162162162162162,6.0,-0.8378378378378377,1,1,0,37.0,36.0,1.0,3,3,0,34,34,0,2,1,1,32,34,-2,0,0,0
Biology,deep belief network,"As a bioinformatician, I want to use deep belief networks to predict the functions of different genes based on their DNA sequences, so that I can identify potential targets for drug development and other therapeutic interventions.","As a bioinformatician, I want to use deep belief networks to predict the functions of different genes based on their DNA sequences, so that I can identify potential targets for drug development and other therapeutic interventions.",230,230,0,6,6,0,186,186,0,3,3,0,0,0,0,35,35,0,36,36,0,5.416666666666667,5.416666666666667,0.0,1,1,0,36.0,36.0,0.0,3,3,0,32,32,0,3,3,0,34,34,0,0,0,0
Biology,deep learning,"As a biotechnology researcher, I want to use deep learning techniques to analyze large sets of genomic data and identify the underlying biological pathways and mechanisms that drive cell function, so that I can identify potential targets for drug development and other therapeutic interventions.","As a biotechnology researcher, I aim to leverage deep learning methods to analyze vast amounts of genomic data, uncovering the underlying biological processes and mechanisms that govern cell function. This enables me to pinpoint potential drug development targets and other therapeutic interventions.",295,300,-5,3,3,0,246,252,-6,3,4,-1,0,0,0,43,41,2,44,42,2,5.7272727272727275,6.166666666666667,-0.43939393939393945,1,2,-1,44.0,21.0,23.0,3,4,-1,41,39,2,2,1,1,38,39,-1,0,0,0
Biology,deep neural network,"As a bioinformatics researcher, I want to use deep neural networks to predict the effects of different genetic mutations on protein structure and function, so that I can identify potential targets for drug development and other therapeutic interventions.","As a bioinformatics researcher, I want to leverage deep neural networks to predict the impact of genetic mutations on protein structure and function, so that I can identify potential therapeutic targets for drug development and other interventions.",254,248,6,3,3,0,211,206,5,3,3,0,0,0,0,37,36,1,38,37,1,5.7105263157894735,5.72972972972973,-0.019203413940256375,1,1,0,38.0,37.0,1.0,3,3,0,35,34,1,2,2,0,35,34,1,0,0,0
Biology,delta rule,"As a bioinformatics researcher, I want to use the delta rule to optimize learning rates for neural networks, so that I can improve the accuracy and reliability of disease diagnosis and other biomedical applications.","As a bioinformatics researcher, I need a way to optimize learning rates for neural networks using the delta rule, so that I can enhance the accuracy and reliability of disease diagnosis and other biomedical applications.",215,220,-5,3,3,0,176,180,-4,3,3,0,0,0,0,33,34,-1,34,35,-1,5.352941176470588,5.314285714285714,0.03865546218487381,1,1,0,34.0,35.0,-1.0,3,3,0,31,32,-1,2,2,0,30,31,-1,0,0,0
Biology,dependency parsing,"As a computational biologist, I want to use dependency parsing to automatically extract relations between biological entities and construct knowledge graphs that can help in understanding biological pathways and networks.","As a computational biologist, I want to leverage dependency parsing to automatically generate knowledge graphs of biological entities and their relationships, enabling me to better comprehend complex biological pathways and networks.",221,233,-12,2,2,0,188,198,-10,2,3,-1,0,0,0,29,30,-1,30,31,-1,6.4,6.548387096774194,-0.1483870967741936,1,1,0,30.0,31.0,-1.0,2,3,-1,28,29,-1,1,1,0,27,27,0,0,0,0
Biology,developmental robotics,"A team of biologists is using developmental robotics techniques to study the neural basis of behavior in fruit flies. By analyzing the behavior of genetically manipulated flies in response to different stimuli, the team is able to identify the neural circuits and mechanisms that underlie different behaviors.","A group of biologists is utilizing developmental robotics methods to investigate the neural foundation of conduct in fruit flies. By examining the behavior of genetically altered flies in response to varied stimuli, the team is able to recognize the neural circuits and mechanisms that underlie various behaviors.",309,313,-4,2,2,0,258,262,-4,3,3,0,0,0,0,46,46,0,47,47,0,5.595744680851064,5.680851063829787,-0.08510638297872308,2,2,0,23.5,23.5,0.0,3,3,0,45,45,0,1,1,0,34,37,-3,0,0,0
Biology,dialogue system,"As a bioinformatics researcher, I want to develop a dialogue system that can communicate with biologists in natural language and provide automated support for tasks such as gene expression analysis, drug discovery, and protein structure prediction.","As a bioinformatics researcher, I want to create an AI-powered dialogue system that can converse with scientists in plain language and provide automated assistance for tasks such as gene expression analysis, drug discovery, and protein structure prediction.",248,257,-9,2,4,-2,207,212,-5,4,5,-1,0,0,0,35,36,-1,36,37,-1,5.916666666666667,5.972972972972973,-0.05630630630630584,1,1,0,36.0,37.0,-1.0,4,5,-1,34,34,0,1,1,0,34,36,-2,0,0,0
Biology,dimensionality reduction,"As a computational biologist, I want to use dimensionality reduction techniques to identify the most important features in large sets of genomic data, so that I can more easily identify patterns and relationships that may be important for understanding biological function.","As a computational biologist, I want to apply dimensionality reduction techniques to large datasets of genomic data to identify the most critical features, enabling me to recognize patterns and connections more easily, which can aid in understanding biological function.",273,270,3,3,2,1,227,226,1,3,4,-1,0,0,0,40,38,2,41,39,2,5.682926829268292,5.948717948717949,-0.2657911194496565,1,1,0,41.0,39.0,2.0,3,4,-1,38,37,1,2,1,1,36,36,0,0,0,0
Biology,discourse parsing,"As a biostatistician, I want to use discourse parsing to analyze medical records and identify patterns of clinical events that can be used to predict disease progression and develop personalized treatment plans.","As a biostatistician, I want to utilize discourse parsing to examine medical records and recognize patterns of clinical events that can be used to predict disease progression and devise individualized treatment plans, in order to enhance patient outcomes and streamline healthcare delivery.",211,290,-79,2,2,0,176,244,-68,2,3,-1,0,0,0,31,41,-10,32,42,-10,5.625,5.928571428571429,-0.3035714285714288,1,1,0,32.0,42.0,-10.0,2,3,-1,30,40,-10,1,1,0,29,37,-8,0,0,0
Biology,discourse relation,"As a bioinformatics specialist, I want to use discourse relation analysis to understand the flow of information in scientific articles and identify the most relevant information for specific biological questions.","As a bioinformatics specialist, I aim to leverage Discourse Relation Analysis (DRA) to comprehend the communication flow within scientific articles and pinpoint the most critical information pertinent to specific biological queries.",212,232,-20,2,8,-6,179,190,-11,2,4,-2,0,0,0,29,30,-1,30,31,-1,6.1,6.516129032258065,-0.4161290322580653,1,1,0,30.0,31.0,-1.0,2,4,-2,28,25,3,1,2,-1,27,28,-1,0,0,0
Biology,"discourse, dialogue and pragmatics","As a biologist, I want to use discourse, dialogue, and pragmatics to analyze the communication patterns of different biological systems and identify the underlying principles of their functioning.","As a biologist, I aim to investigate the linguistic structures, conversational dynamics, and contextual factors that govern the interaction of biological systems. By applying discourse analysis, dialogue theory, and pragmatic reasoning, I hope to uncover the underlying mechanisms enabling these systems to function effectively.",196,328,-132,2,4,-2,163,273,-110,4,8,-4,0,0,0,27,43,-16,28,44,-16,6.035714285714286,6.4772727272727275,-0.4415584415584419,1,2,-1,28.0,22.0,6.0,4,8,-4,26,40,-14,1,2,-1,24,38,-14,0,0,0
Biology,document classification,"As a biomedical researcher, I want to use document classification techniques to categorize scientific articles according to their relevance and potential impact on specific research questions.","As a biomedical researcher, I aim to leverage text classification methods to group scientific papers based on their relevance and potential influence on specific research queries, streamlining the discovery of relevant information for my investigations.",192,253,-61,2,2,0,163,214,-51,2,3,-1,0,0,0,25,34,-9,26,35,-9,6.423076923076923,6.257142857142857,0.16593406593406623,1,1,0,26.0,35.0,-9.0,2,3,-1,24,33,-9,1,1,0,24,33,-9,0,0,0
Biology,document clustering,"As a bioinformatician, I want to use document clustering to group scientific articles with similar topics and identify new research directions and opportunities.","As a bioinformatician, I desire a tool for clustering scientific articles based on their topics, allowing me to identify emerging trends and potential areas of research. This enables me to stay current with the latest developments in my field and make informed decisions about future research directions.",161,304,-143,2,3,-1,135,251,-116,2,4,-2,0,0,0,22,46,-24,23,47,-24,6.043478260869565,5.48936170212766,0.5541165587419057,1,2,-1,23.0,23.5,-0.5,2,4,-2,21,44,-23,1,1,0,21,43,-22,0,0,0
Biology,document embedding,"As a computational biologist, I want to use document embedding techniques to represent scientific articles in a high-dimensional space and perform information retrieval and recommendation tasks based on their semantic similarity.","As a computational biologist, I want to leverage document embeddings to represent scientific articles in a multidimensional space and perform information retrieval and recommendation tasks based on their semantic similarity, so that I can efficiently identify and analyze relevant research papers and stay up-to-date with the latest developments in my field.",229,358,-129,2,3,-1,194,300,-106,3,5,-2,0,0,0,30,50,-20,31,51,-20,6.419354838709677,6.03921568627451,0.3801391524351674,1,1,0,31.0,51.0,-20.0,3,5,-2,29,48,-19,1,2,-1,28,44,-16,0,0,0
Biology,domain adaptation,"A group of computational biologists is using domain adaptation techniques to improve the accuracy of genomic sequence analysis in non-model organisms. By transferring knowledge and features from well-studied model organisms, the team is able to identify homologous genes and gain insights into the genetic basis of complex traits.","A group of computational biologists leverages domain adaptation techniques to enhance the accuracy of genomic sequence analysis in non-model organisms by transferring knowledge and features from well-studied model organisms, allowing them to identify homologous genes and gain insights into the genetic basis of complex traits.",330,327,3,2,1,1,276,278,-2,5,4,1,0,0,0,47,44,3,48,45,3,5.895833333333333,6.288888888888889,-0.3930555555555557,2,1,1,24.0,45.0,-21.0,5,4,1,46,44,2,1,1,0,41,40,1,0,0,0
Biology,early stopping,"As a researcher in bioinformatics, I want to use early stopping techniques to improve the efficiency and accuracy of my machine learning models, so that I can more accurately predict the potential effects of different genetic mutations.","As a researcher in bioinformatics, I want to utilize early stopping techniques to enhance the efficiency and accuracy of my machine learning models, so that I can more accurately predict the potential effects of various genetic mutations.",236,238,-2,3,3,0,194,196,-2,3,3,0,0,0,0,36,36,0,37,37,0,5.405405405405405,5.45945945945946,-0.05405405405405439,1,1,0,37.0,37.0,0.0,3,3,0,34,34,0,2,2,0,33,33,0,0,0,0
Biology,echo state network,"As a neuroscientist, I want to use echo state networks to model the dynamics of neural activity in the brain and predict the effects of different stimuli on brain function, so that I can better understand the relationship between neural activity and behavior.","As a neuroscientist, I aim to leverage echo state networks to model the intricate patterns of brain activity and forecast how diverse stimuli impact cognitive processes. By gaining insight into the neural mechanisms underlying behavior, I can refine my understanding of the complex interplay between brain function and behavior.",259,328,-69,3,4,-1,211,272,-61,3,4,-1,0,0,0,42,48,-6,43,49,-6,5.046511627906977,5.714285714285714,-0.6677740863787376,1,2,-1,43.0,24.5,18.5,3,4,-1,40,45,-5,2,2,0,33,42,-9,0,0,0
Biology,elastic matching,"As a medical imaging specialist, I want to use elastic matching to register magnetic resonance imaging (MRI) scans of the brain and spinal cord, to improve the accuracy of diagnosis and treatment of neurological disorders such as multiple sclerosis.","As a medical imaging specialist, I need an efficient method for registering Magnetic Resonance Imaging (MRI) scans of the brain and spinal cord to improve the accuracy of diagnosis and treatment of neurological disorders such as multiple sclerosis. Elastic matching is a suitable approach for this task, as it allows for non-rigid registration of images while accounting for differences in image intensity values. By using elastic matching, I can accurately align the scans and extract valuable information that would be difficult to obtain through other methods.",249,563,-314,5,11,-6,201,458,-257,5,9,-4,0,0,0,38,85,-47,39,86,-47,5.410256410256411,5.558139534883721,-0.14788312462731046,1,3,-2,39.0,28.666666666666668,10.333333333333332,5,9,-4,36,77,-41,2,3,-1,32,71,-39,0,0,0
Biology,elbot,"As a molecular biologist, I want to use Elbot, a chatbot with natural language processing capabilities, to query large biological databases and retrieve relevant information on gene expression, protein structure, and disease pathways.","As a molecular biologist, I desire to utilize Elbot, a chatbot endowed with natural language processing abilities, to interrogate vast biological datasets and retrieve relevant information on gene expression, protein structure, and disease pathways.",234,249,-15,3,3,0,193,207,-14,6,6,0,0,0,0,32,33,-1,33,34,-1,6.121212121212121,6.352941176470588,-0.23172905525846677,1,1,0,33.0,34.0,-1.0,6,6,0,30,31,-1,1,1,0,30,31,-1,0,0,0
Biology,eliza,"As a biologist, I want to use Eliza to generate conversational responses related to my research, so that I can better understand and communicate my findings to others.","As a biologist, I want to utilize Eliza's language generation capabilities to create conversational responses relevant to my research findings, allowing me to more fully comprehend and articulate my discoveries to others.",167,221,-54,4,3,1,133,183,-50,3,4,-1,0,0,0,27,31,-4,28,32,-4,5.0,5.9375,-0.9375,1,1,0,28.0,32.0,-4.0,3,4,-1,24,29,-5,2,1,1,23,27,-4,0,0,0
Biology,elman network,"As a computational biologist, I want to use Elman networks to model the interactions between different genes and proteins and identify common pathways and mechanisms that are involved in disease processes, so that I can identify potential targets for drug development and other therapeutic interventions.","As a computational biologist, I want to use Elman networks to model the complex interactions between different genes and proteins in order to identify common patterns and mechanisms involved in disease processes, so that I can identify potential targets for drug development and other therapeutic interventions. By analyzing these interactions using Elman networks, I aim to gain a deeper understanding of the underlying biological processes and identify new opportunities for intervention.",304,490,-186,4,7,-3,253,408,-155,3,5,-2,0,0,0,44,70,-26,45,71,-26,5.777777777777778,5.915492957746479,-0.1377151799687013,1,2,-1,45.0,35.5,9.5,3,5,-2,41,64,-23,2,3,-1,38,55,-17,0,0,0
Biology,embedding approach,"As a bioinformatics researcher, I want to use embedding approaches to represent biological molecules and genomic data as continuous vectors, so that I can apply machine learning techniques to analyze and classify these data.","As a bioinformatics researcher, I want to use embedding approaches to represent biological molecules and genomic data as continuous vectors, so that I can apply machine learning techniques to analyze and classify these data.",224,224,0,3,3,0,185,185,0,3,3,0,0,0,0,33,33,0,34,34,0,5.617647058823529,5.617647058823529,0.0,1,1,0,34.0,34.0,0.0,3,3,0,31,31,0,2,2,0,30,30,0,0,0,0
Biology,empirical risk minimization,"As a machine learning engineer working in drug discovery, I want to use empirical risk minimization to optimize the design of high-throughput drug screening assays, so that I can more efficiently identify potential drug candidates for further testing.","As a machine learning engineer working in drug discovery, I want to use empirical risk minimization to optimize the design of high-throughput drug screening assays so that I can more efficiently identify potential drug candidates for further testing.",251,250,1,3,3,0,207,207,0,4,3,1,0,0,0,37,37,0,38,38,0,5.631578947368421,5.605263157894737,0.02631578947368407,1,1,0,38.0,38.0,0.0,4,3,1,35,35,0,2,2,0,34,34,0,0,0,0
Biology,encoder-decoder model,"As a computational biologist, I want to use encoder-decoder models to identify the regulatory elements that control gene expression, so that I can better understand the complex interactions that occur within living systems.","As a computational biologist, I aim to leverage encoder-decoder models to uncover the regulatory elements governing gene expression, thus gaining insight into the intricate mechanisms underlying living organisms.",223,212,11,3,2,1,184,179,5,4,4,0,0,0,0,32,27,5,33,28,5,5.787878787878788,6.607142857142857,-0.8192640692640687,1,1,0,33.0,28.0,5.0,4,4,0,30,26,4,2,1,1,28,26,2,0,0,0
Biology,ensemble learning,"As a bioinformatics researcher, I want to use ensemble learning to integrate multiple omics data sources, such as genomics, transcriptomics, and proteomics, to improve the accuracy of cancer diagnosis and predict drug response.","As a bioinformatics researcher, I want to utilize ensemble learning to integrate multiple omics data sources, including genomics, transcriptomics, and proteomics, to enhance the accuracy of cancer diagnosis and predict drug response.",227,233,-6,2,2,0,187,194,-7,6,6,0,0,0,0,32,31,1,33,32,1,5.909090909090909,6.3125,-0.40340909090909083,1,1,0,33.0,32.0,1.0,6,6,0,31,30,1,1,1,0,30,29,1,0,0,0
Biology,entity extraction,"As a bioinformatics researcher, I want to use entity extraction to automatically identify key terms in scientific literature, so that I can quickly and accurately identify relevant information for my analysis.","As a bioinformatics researcher, I want to utilize entity extraction to automatically identify crucial terms in scientific literature, enabling me to swiftly and accurately locate pertinent information for my analysis.",209,217,-8,3,2,1,173,183,-10,3,3,0,0,0,0,30,29,1,31,30,1,5.774193548387097,6.266666666666667,-0.49247311827956963,1,1,0,31.0,30.0,1.0,3,3,0,28,28,0,2,1,1,28,28,0,0,0,0
Biology,entity linking,"As a biologist, I want to use entity linking to automatically connect information from different sources, such as gene databases and scientific publications, so that I can better understand the relationships between different biological concepts.","As a biologist, I want to utilize entity linking to automatically connect data from various sources, including gene databases and scientific literature, so that I can better comprehend the interconnections between different biological concepts.",246,244,2,3,3,0,205,204,1,4,4,0,0,0,0,34,33,1,35,34,1,6.057142857142857,6.205882352941177,-0.1487394957983197,1,1,0,35.0,34.0,1.0,4,4,0,32,31,1,2,2,0,32,32,0,0,0,0
Biology,evolutionary learning,"As an evolutionary biologist, I want to use evolutionary learning algorithms to simulate the process of natural selection and understand how genetic variation and environmental factors contribute to the evolution of different species.","As an evolutionary biologist, I aim to leverage machine learning techniques akin to those used in natural selection to simulate the evolution of various organisms under different environmental conditions. By analyzing the genetic makeup and environmental influences on these simulated species, I hope to gain insights into how these factors contribute to the emergence of new species.",234,384,-150,2,4,-2,198,320,-122,2,4,-2,0,0,0,32,56,-24,33,57,-24,6.121212121212121,5.754385964912281,0.3668261562998403,1,2,-1,33.0,28.5,4.5,2,4,-2,31,53,-22,1,2,-1,27,47,-20,0,0,0
Biology,evolutionary robotics,"A group of biologists and engineers is using evolutionary robotics techniques to design and optimize the locomotion of robots inspired by animals. By using a genetic algorithm to iteratively evolve the robot's design and behavior, the team is able to create robots that move more efficiently and effectively in different environments.","A group of biologists and engineers utilizes evolutionary robotics techniques to design and optimize locomotion of robots inspired by animals through iterative evolution using a genetic algorithm, resulting in more efficient and effective movement in various environments.",334,272,62,2,1,1,278,233,45,4,2,2,0,0,0,50,36,14,51,37,14,5.568627450980392,6.378378378378378,-0.8097509273979862,2,1,1,25.5,37.0,-11.5,4,2,2,49,36,13,1,1,0,39,33,6,0,0,0
Biology,expectation propagation,"As a bioinformatician, I want to use expectation propagation to analyze complex genomic data and identify the interactions between different genes and proteins, so that I can better understand the underlying biological processes.","As a bioinformatician, I want to utilize expectation propagation to analyze complex genomic data and identify the interrelationships between various genes and proteins, so that I can gain a deeper understanding of the underlying biological processes.",229,250,-21,3,3,0,191,209,-18,3,3,0,0,0,0,32,35,-3,33,36,-3,5.96969696969697,5.972222222222222,-0.002525252525252597,1,1,0,33.0,36.0,-3.0,3,3,0,30,33,-3,2,2,0,29,31,-2,0,0,0
Biology,explicit semantic analysis,"As a computational biologist, I want to use explicit semantic analysis to automatically identify and compare the meanings of different biological terms, so that I can better understand the relationships between different concepts.","As a computational biologist, I want to utilize explicit semantic analysis to automatically recognize and contrast the meanings of various biological terms, so that I can more fully comprehend the connections between diverse concepts.",230,234,-4,3,3,0,192,195,-3,3,3,0,0,0,0,32,33,-1,33,34,-1,6.0,5.911764705882353,0.08823529411764675,1,1,0,33.0,34.0,-1.0,3,3,0,30,31,-1,2,2,0,29,31,-2,0,0,0
Biology,extractive summarization,"As a researcher in the field of ecology, I want to use extractive summarization to automatically generate a summary of a long scientific article, so that I can more efficiently read and analyze the article.","As an ecology researcher, I need an automated summarization tool to quickly condense lengthy scientific papers, allowing me to focus on key findings and trends instead of wading through excessive text.",206,201,5,3,2,1,166,166,0,3,3,0,0,0,0,34,30,4,35,31,4,4.914285714285715,5.516129032258065,-0.6018433179723504,1,1,0,35.0,31.0,4.0,3,3,0,32,29,3,2,1,1,29,29,0,0,0,0
Biology,extreme learning machine,"As a machine learning engineer working in drug discovery, I want to use extreme learning machines to analyze large sets of chemical compounds and identify potential drug candidates based on their molecular properties and biological activity.","As an AI engineer in drug discovery, I aim to leverage extreme learning machines to analyze vast collections of chemical substances and identify potential drug candidates based on their molecular characteristics and biological activity.",241,236,5,2,4,-2,202,197,5,2,2,0,0,0,0,35,33,2,36,34,2,5.722222222222222,5.970588235294118,-0.24836601307189543,1,1,0,36.0,34.0,2.0,2,2,0,34,31,3,1,2,-1,32,31,1,0,0,0
Biology,factor analysis,"As a biologist studying the impact of environmental factors on plant growth, I want to use factor analysis techniques to identify the key factors that influence plant growth and development, so that I can better understand how to optimize plant growth in different conditions.","As a biologist studying the impact of environmental factors on plant growth, I want to use factor analysis techniques to identify the key factors that influence plant growth and development, so that I can better understand how to optimize plant growth in different conditions.",276,276,0,3,3,0,227,227,0,3,3,0,0,0,0,43,43,0,44,44,0,5.295454545454546,5.295454545454546,0.0,1,1,0,44.0,44.0,0.0,3,3,0,41,41,0,2,2,0,35,35,0,0,0,0
Biology,factorization method,"As a computational biologist, I want to use factorization methods to identify the underlying latent variables that contribute to complex biological processes, so that I can better understand the relationships between different genes and proteins.","As a computational biologist, I want to utilize factorization techniques to uncover the underlying hidden factors that drive intricate biological procedures, allowing me to gain a deeper comprehension of the interplay between various genes and proteins.",246,253,-7,3,2,1,206,213,-7,3,3,0,0,0,0,34,35,-1,35,36,-1,6.057142857142857,6.055555555555555,0.0015873015873015817,1,1,0,35.0,36.0,-1.0,3,3,0,32,34,-2,2,1,1,30,32,-2,0,0,0
